#
# A fatal error has been detected by the Java Runtime Environment:
#
#  SIGSEGV (0xb) at pc=0x00007bd2a8be0bd4, pid=22135, tid=22158
#
# JRE version: OpenJDK Runtime Environment (21.0.10) (build 21.0.10+-14961533-b1163.108)
# Java VM: OpenJDK 64-Bit Server VM (21.0.10+-14961533-b1163.108, mixed mode, tiered, compressed oops, compressed class ptrs, g1 gc, linux-amd64)
# Problematic frame:
# V  [libjvm.so+0x9e0bd4]  void G1ParScanThreadState::do_oop_evac<narrowOop>(narrowOop*)+0x54
#
# Core dump will be written. Default location: Core dumps may be processed with "/usr/share/apport/apport -p%p -s%s -c%c -d%d -P%P -u%u -g%g -F%F -- %E" (or dumping to /home/evangelos-angelousis/Desktop/Projects/KotlinMultiplatform/core.22135)
#
# If you would like to submit a bug report, please visit:
#   https://youtrack.jetbrains.com/issues/JBR
#

---------------  S U M M A R Y ------------

Command Line: --add-opens=java.base/java.lang=ALL-UNNAMED --add-opens=java.base/java.lang.invoke=ALL-UNNAMED --add-opens=java.base/java.util=ALL-UNNAMED --add-opens=java.prefs/java.util.prefs=ALL-UNNAMED --add-exports=jdk.compiler/com.sun.tools.javac.api=ALL-UNNAMED --add-exports=jdk.compiler/com.sun.tools.javac.util=ALL-UNNAMED --add-opens=java.base/java.util=ALL-UNNAMED --add-opens=java.prefs/java.util.prefs=ALL-UNNAMED --add-opens=java.base/java.nio.charset=ALL-UNNAMED --add-opens=java.base/java.net=ALL-UNNAMED --add-opens=java.base/java.util.concurrent=ALL-UNNAMED --add-opens=java.base/java.util.concurrent.atomic=ALL-UNNAMED --add-opens=java.xml/javax.xml.namespace=ALL-UNNAMED --add-opens=java.base/java.time=ALL-UNNAMED -Xmx4096M -Dfile.encoding=UTF-8 -Duser.country=US -Duser.language=en -Duser.variant -javaagent:/home/evangelos-angelousis/.gradle/wrapper/dists/gradle-9.3.1-bin/23ovyewtku6u96viwx3xl3oks/gradle-9.3.1/lib/agents/gradle-instrumentation-agent-9.3.1.jar -Dawt.toolkit.name=XToolkit org.gradle.launcher.daemon.bootstrap.GradleDaemon 9.3.1

Host: Intel(R) Core(TM) i7-8550U CPU @ 1.80GHz, 8 cores, 15G, Ubuntu 25.10
Time: Mon Apr 20 14:26:07 2026 EEST elapsed time: 472.943775 seconds (0d 0h 7m 52s)

---------------  T H R E A D  ---------------

Current thread (0x00007bd264007980):  WorkerThread "GC Thread#1"    [id=22158, stack(0x00007bd27c200000,0x00007bd27c300000) (1024K)]

Stack: [0x00007bd27c200000,0x00007bd27c300000],  sp=0x00007bd27c2feb00,  free space=1018k
Native frames: (J=compiled Java code, j=interpreted, Vv=VM code, C=native code)
V  [libjvm.so+0x9e0bd4]  void G1ParScanThreadState::do_oop_evac<narrowOop>(narrowOop*)+0x54
V  [libjvm.so+0x9ddd0b]  G1ParScanThreadState::trim_queue_to_threshold(unsigned int)+0x9b
V  [libjvm.so+0x9df00a]  G1ParScanThreadState::steal_and_trim_queue(GenericTaskQueueSet<OverflowTaskQueue<ScannerTask, (MEMFLAGS)5, 131072u>, (MEMFLAGS)5>*)+0x10fa
V  [libjvm.so+0xa080f5]  G1ParEvacuateFollowersClosure::do_void()+0x125
V  [libjvm.so+0xa07f42]  G1EvacuateRegionsTask::evacuate_live_objects(G1ParScanThreadState*, unsigned int)+0x82
V  [libjvm.so+0xa07d7f]  G1EvacuateRegionsBaseTask::work(unsigned int)+0x8f
V  [libjvm.so+0x10cfa54]  WorkerThread::run()+0x84
V  [libjvm.so+0x101a33e]  Thread::call_run()+0xae
V  [libjvm.so+0xe66c54]  thread_native_entry(Thread*)+0x114
C  [libc.so.6+0xa3d64]

siginfo: si_signo: 11 (SIGSEGV), si_code: 1 (SEGV_MAPERR), si_addr: 0x0000000000008000

Registers:
RAX=0x0000000000000003, RBX=0x0000000000000000, RCX=0x00007bd2a4090880, RDX=0x0000000000000000
RSP=0x00007bd27c2feb00, RBP=0x00007bd27c2feb70, RSI=0x00007bd2a40419e0, RDI=0x0000000000000000
R8 =0x00007bd2000248f0, R9 =0x00007bd2a93b6e70, R10=0x0000000000000004, R11=0x000000071243b060
R12=0x00007bd2a404b560, R13=0x000000070562cb68, R14=0x00007bd2000248f0, R15=0x0000000000008000
RIP=0x00007bd2a8be0bd4, EFLAGS=0x0000000000010246, CSGSFS=0x002b000000000033, ERR=0x0000000000000004
  TRAPNO=0x000000000000000e

XMM[0]=0x000000310005c4a8 0x0000000000000001
XMM[1]=0xe24db0c9e24db0c1 0xe24db0b8e24dc0a7
XMM[2]=0xe24db107e24db100 0xe24db0fae24db0f4
XMM[3]=0xe24db161e24db148 0xe24db142e24db13b
XMM[4]=0x0000000000001000 0x0000000000000000
XMM[5]=0xe24db1d9e24db1d2 0xe24db1cbe24db1c5
XMM[6]=0xe24db189e24db181 0xe24db17ae24db174
XMM[7]=0xe24db142e24db13b 0xe24db134e24db12b
XMM[8]=0xe24e13e3e24e13db 0xe24e13d3e24e13cb
XMM[9]=0x470000078fffffff 0x8fffffffcfffffff
XMM[10]=0x4700000347000002 0x4700000147000000
XMM[11]=0x470000078fffffff 0x8fffffffcfffffff
XMM[12]=0x4700000347000002 0x4700000147000000
XMM[13]=0x0000000000000000 0x0000000000000000
XMM[14]=0x0000000000000000 0x0000000000000000
XMM[15]=0x0000000000000000 0x0000000000000000
  MXCSR=0x00001fa3


Register to memory mapping:

RAX=0x0000000000000003 is an unknown value
RBX=0x0 is null
RCX=0x00007bd2a4090880 points into unknown readable memory: 0x0000000000000000 | 00 00 00 00 00 00 00 00
RDX=0x0 is null
RSP=0x00007bd27c2feb00 points into unknown readable memory: 0x0000000000001005 | 05 10 00 00 00 00 00 00
RBP=0x00007bd27c2feb70 points into unknown readable memory: 0x00007bd27c2febb0 | b0 eb 2f 7c d2 7b 00 00
RSI=0x00007bd2a40419e0 points into unknown readable memory: 0x00007bd2a9398198 | 98 81 39 a9 d2 7b 00 00
RDI=0x0 is null
R8 =0x00007bd2000248f0 points into unknown readable memory: 0x00007bd2a9399880 | 80 98 39 a9 d2 7b 00 00
R9 =0x00007bd2a93b6e70: <offset 0x00000000011b6e70> in /home/evangelos-angelousis/Desktop/android-studio-panda1-patch1-linux/android-studio/jbr/lib/server/libjvm.so at 0x00007bd2a8200000
R10=0x0000000000000004 is an unknown value
R11=0x000000071243b060 is an oop: java.util.concurrent.ConcurrentHashMap$Node 
{0x000000071243b060} - klass: 'java/util/concurrent/ConcurrentHashMap$Node'
 - ---- fields (total size 4 words):
 - final 'hash' 'I' @12  1901917490 (0x715cf532)
 - final 'key' 'Ljava/lang/Object;' @16  a 'ksp/org/jetbrains/kotlin/name/FqName'{0x0000000717612a90} (0xe2ec2552)
 - volatile 'val' 'Ljava/lang/Object;' @20  a 'java/util/ArrayList'{0x000000071240eed8} (0xe2481ddb)
 - volatile 'next' 'Ljava/util/concurrent/ConcurrentHashMap$Node;' @24  null (0x00000000)
R12=0x00007bd2a404b560 points into unknown readable memory: 0x0000000000000000 | 00 00 00 00 00 00 00 00
R13=0x000000070562cb68 is pointing into object: [Ljava.lang.Object; 
{0x000000070562caa8} - klass: 'java/lang/Object'[]
 - length: 49
R14=0x00007bd2000248f0 points into unknown readable memory: 0x00007bd2a9399880 | 80 98 39 a9 d2 7b 00 00
R15=32768 is a compressed pointer to class: 0x0000000800008000
java.util.stream.ReduceOps$AccumulatingSink {0x0000000800008000}
 - instance size:     2
 - klass size:        70
 - access:            interface abstract 
 - flags:             rewritten has_nonstatic_concrete_methods has_miranda_methods 
 - state:             linked
 - name:              'java/util/stream/ReduceOps$AccumulatingSink'
 - super:             'java/lang/Object'
 - sub:               
 - nof implementors:  2
 - arrays:            null
 - methods:           Array<T>(0x00007bd26c4a6fc0)
 - method ordering:   Array<T>(0x00007bd26c000018)
 - default_methods:   Array<T>(0x00007bd26c4a6fe0)
 - default vtable indices:   Array<T>(0x00007bd26c4a7020)
 - local interfaces:  Array<T>(0x00007bd26c4a5328)
 - trans. interfaces: Array<T>(0x00007bd26c4a6c38)
 - secondary supers: Array<T>(0x00007bd26c4a6c80)
 - hash_slot:         1
 - bitmap:            0x0000802820000000
 - constants:         constant pool [33] {0x00007bd26c4a6e40} for 'java/util/stream/ReduceOps$AccumulatingSink' cache=0x00007bd26c4a7c98
 - class loader data:  loader data: 0x00007bd2a41461b0 of 'bootstrap'
 - generic signature: '<T:Ljava/lang/Object;R:Ljava/lang/Object;K::Ljava/util/stream/ReduceOps$AccumulatingSink<TT;TR;TK;>;>Ljava/lang/Object;Ljava/util/stream/TerminalSink<TT;TR;>;'
 - inner classes:     Array<T>(0x00007bd26c4a6c20)
 - nest members:     Array<T>(0x00007bd26c000028)
 - permitted subclasses:     Array<T>(0x00007bd26c000028)
 - java mirror:       a 'java/lang/Class'{0x00000007ff9052f0} = 'java/util/stream/ReduceOps$AccumulatingSink'
 - vtable length      5  (start addr: 0x0000000800008200)
 - itable length      0 (start addr: 0x0000000800008228)
 - ---- static fields (0 words):
 - ---- non-static fields (0 words):
 - non-static oop maps: 

Top of Stack: (sp=0x00007bd27c2feb00)
0x00007bd27c2feb00:   0000000000001005 00007bd26402a410
0x00007bd27c2feb10:   000000010562b2d0 000000080005c4a8
0x00007bd27c2feb20:   0000000000000001 0000000000000001
0x00007bd27c2feb30:   000000070562caa4 00007bd2000248f0
0x00007bd27c2feb40:   000100170000001e 0000000000000000
0x00007bd27c2feb50:   00007bd2a404b560 0000000705c98fa0
0x00007bd27c2feb60:   00007bd2000248f0 ffffffff00000000
0x00007bd27c2feb70:   00007bd27c2febb0 00007bd2a8bddd0b
0x00007bd27c2feb80:   00007bd2a4090880 00007bd2a4004b30
0x00007bd27c2feb90:   0000000000000000 0000000705c98fa0
0x00007bd27c2feba0:   0000000705622b38 00007bd2000248f0
0x00007bd27c2febb0:   00007bd27c2fec50 00007bd2a8bdf00a
0x00007bd27c2febc0:   00007bd200024908 00007bd200024af0
0x00007bd27c2febd0:   0000000705c98fa1 00000001000248f0
0x00007bd27c2febe0:   00007bd2640295a0 000000080006ba58
0x00007bd27c2febf0:   0000000000000001 0000000707a34520
0x00007bd27c2fec00:   00007bd200024a78 0000000705c98fa1
0x00007bd27c2fec10:   000000071243b060 0000000000000001
0x00007bd27c2fec20:   00017bd2a93ed230 00007bd27c2fed08
0x00007bd27c2fec30:   0000000000000033 00007bd2a8481249
0x00007bd27c2fec40:   00007bd2000248f0 0000000000000000
0x00007bd27c2fec50:   00007bd27c2fecf0 00007bd2a8c080f5
0x00007bd27c2fec60:   00007bd2a84e6fa5 00007bd2000248f0
0x00007bd27c2fec70:   0000000000000000 0000000000000000
0x00007bd27c2fec80:   00007bd2a8000000 0000000000000007
0x00007bd27c2fec90:   0000000000000007 00007bd264000ee0
0x00007bd27c2feca0:   0000000000000000 0000000000000000
0x00007bd27c2fecb0:   00007bd27c000000 00007bd2a90753a6
0x00007bd27c2fecc0:   00000000000059d3 0000000000000007
0x00007bd27c2fecd0:   00007bd27d4da1b0 0000006e1c85e065
0x00007bd27c2fece0:   00007bd264000ee0 00007bd2000248f0
0x00007bd27c2fecf0:   00007bd27c2fed80 00007bd2a8c07f42 

Instructions: (pc=0x00007bd2a8be0bd4)
0x00007bd2a8be0ad4:   00 48 8b 83 00 02 00 00 4c 89 ee 48 8b 7d d0 48
0x00007bd2a8be0ae4:   89 30 48 83 83 00 02 00 00 08 83 7f 20 01 74 47
0x00007bd2a8be0af4:   45 84 f6 74 42 48 8d 05 dc 8f 7f 00 0f b6 08 48
0x00007bd2a8be0b04:   d3 ee 48 8b 5f 18 48 8b 43 60 48 03 70 30 48 8b
0x00007bd2a8be0b14:   40 28 48 29 c6 48 39 b3 b8 01 00 00 74 19 48 8d
0x00007bd2a8be0b24:   7b 18 48 01 f0 49 89 f6 48 89 c6 e8 7c 78 00 00
0x00007bd2a8be0b34:   4c 89 b3 b8 01 00 00 48 83 c4 08 5b 41 5c 41 5d
0x00007bd2a8be0b44:   41 5e 41 5f 5d c3 cc cc cc cc cc cc 55 48 89 e5
0x00007bd2a8be0b54:   b8 01 00 00 00 5d c3 cc cc cc cc cc 55 48 89 e5
0x00007bd2a8be0b64:   0f 57 c0 0f 11 47 14 0f 11 47 08 5d c3 cc cc cc
0x00007bd2a8be0b74:   cc cc cc cc cc cc cc cc cc cc cc cc 55 48 89 e5
0x00007bd2a8be0b84:   41 57 41 56 41 55 41 54 53 48 83 ec 48 49 89 f5
0x00007bd2a8be0b94:   49 89 f8 44 8b 3e 48 8d 05 cf 62 7d 00 48 8b 10
0x00007bd2a8be0ba4:   8b 40 08 89 c1 49 d3 e7 49 01 d7 48 8b 77 08 0f
0x00007bd2a8be0bb4:   b6 8e b8 05 00 00 4c 89 ff 48 d3 ef 48 8b 8e a8
0x00007bd2a8be0bc4:   05 00 00 0f b7 1c 79 66 85 db 0f 88 80 06 00 00
0x00007bd2a8be0bd4:   4d 8b 27 45 89 e6 41 83 e6 03 49 83 fe 03 75 0c
0x00007bd2a8be0be4:   49 83 e4 fc 4c 89 e3 e9 c5 05 00 00 48 8d 05 79
0x00007bd2a8be0bf4:   68 7d 00 0f b6 00 3c 01 4c 89 6d c0 75 17 41 8b
0x00007bd2a8be0c04:   7f 08 48 8d 15 73 62 7d 00 0f b6 4a 08 48 d3 e7
0x00007bd2a8be0c14:   48 03 3a eb 04 49 8b 7f 08 44 8b 6f 08 45 85 ed
0x00007bd2a8be0c24:   4c 89 45 c8 48 89 7d a8 7e 0c 41 f6 c5 01 75 0b
0x00007bd2a8be0c34:   41 c1 ed 03 eb 51 45 85 ed 78 15 48 8b 07 4c 89
0x00007bd2a8be0c44:   fe ff 90 00 01 00 00 4c 8b 45 c8 49 89 c5 eb 37
0x00007bd2a8be0c54:   34 01 0f b6 c0 49 63 44 87 0c 44 89 e9 48 d3 e0
0x00007bd2a8be0c64:   41 c1 ed 10 41 0f b6 cd 48 01 c1 48 8d 05 e2 65
0x00007bd2a8be0c74:   7d 00 48 63 00 48 01 c1 48 ff c9 f7 d8 4c 63 e8
0x00007bd2a8be0c84:   49 21 cd 49 c1 ed 03 4c 89 65 b8 0f b7 c3 89 45
0x00007bd2a8be0c94:   a4 3d ff 00 00 00 77 50 48 8d 05 89 6f 7d 00 31
0x00007bd2a8be0ca4:   c9 41 83 fe 02 0f 94 c1 31 d2 41 f6 c4 01 0f 94
0x00007bd2a8be0cb4:   c2 83 38 02 0f 44 d1 4d 89 e6 80 fa 01 75 10 48
0x00007bd2a8be0cc4:   8d 7d b8 e8 d4 16 3f 00 4c 8b 45 c8 49 89 c6 41 


Stack slot to memory mapping:

stack at sp + 0 slots: 0x0000000000001005 is an unknown value
stack at sp + 1 slots: 0x00007bd26402a410 points into unknown readable memory: 0x0000000712600000 | 00 00 60 12 07 00 00 00
stack at sp + 2 slots: 0x000000010562b2d0 is an unknown value
stack at sp + 3 slots: 0x000000080005c4a8 is a pointer to class: 
stack at sp + 4 slots: 0x0000000000000001 is an unknown value
stack at sp + 5 slots: 0x0000000000000001 is an unknown value
stack at sp + 6 slots: 0x000000070562caa4 is pointing into object: java.util.ArrayList 
{0x000000070562ca90} - klass: 'java/util/ArrayList'
 - ---- fields (total size 3 words):
 - protected transient 'modCount' 'I' @12  41 (0x00000029)
 - private 'size' 'I' @16  41 (0x00000029)
 - transient 'elementData' '[Ljava/lang/Object;' @20  a 'java/lang/Object'[49] {0x000000070562caa8} (0xe0ac5955)
stack at sp + 7 slots: 0x00007bd2000248f0 points into unknown readable memory: 0x00007bd2a9399880 | 80 98 39 a9 d2 7b 00 00


---------------  P R O C E S S  ---------------

Threads class SMR info:
_java_thread_list=0x00007bd23c06f980, length=37, elements={
0x00007bd2a402e880, 0x00007bd2a4216e50, 0x00007bd2a4223390, 0x00007bd2a4224420,
0x00007bd2a4225cb0, 0x00007bd2a4227300, 0x00007bd2a4230ae0, 0x00007bd2a4232050,
0x00007bd2a4233710, 0x00007bd2a434ecb0, 0x00007bd2a54fc700, 0x00007bd2a558ef60,
0x00007bd2a55cc360, 0x00007bd2103fa0d0, 0x00007bd2103ff930, 0x00007bd21056d950,
0x00007bd210f30300, 0x00007bd210f35d00, 0x00007bd21108c500, 0x00007bd17c49dee0,
0x00007bd17dbd7280, 0x00007bd2689cd300, 0x00007bd2689deef0, 0x00007bd2698c6ce0,
0x00007bd20c328bb0, 0x00007bd20c165b80, 0x00007bd21c01c300, 0x00007bd1a8004de0,
0x00007bd1a80059e0, 0x00007bd1a8000fb0, 0x00007bd23c812b10, 0x00007bd23c22d050,
0x00007bd23c000e80, 0x00007bd23c975090, 0x00007bd23c2a6410, 0x00007bd2453aad10,
0x00007bd23c0837d0
}

Java Threads: ( => current thread )
  0x00007bd2a402e880 JavaThread "main"                              [_thread_blocked, id=22136, stack(0x00007bd2a9500000,0x00007bd2a9600000) (1024K)]
  0x00007bd2a4216e50 JavaThread "Common-Cleaner"             daemon [_thread_blocked, id=22147, stack(0x00007bd27cd00000,0x00007bd27ce00000) (1024K)]
  0x00007bd2a4223390 JavaThread "Reference Handler"          daemon [_thread_blocked, id=22148, stack(0x00007bd27cc00000,0x00007bd27cd00000) (1024K)]
  0x00007bd2a4224420 JavaThread "Finalizer"                  daemon [_thread_blocked, id=22149, stack(0x00007bd27cb00000,0x00007bd27cc00000) (1024K)]
  0x00007bd2a4225cb0 JavaThread "Signal Dispatcher"          daemon [_thread_blocked, id=22150, stack(0x00007bd27ca00000,0x00007bd27cb00000) (1024K)]
  0x00007bd2a4227300 JavaThread "Service Thread"             daemon [_thread_blocked, id=22151, stack(0x00007bd27c900000,0x00007bd27ca00000) (1024K)]
  0x00007bd2a4230ae0 JavaThread "Monitor Deflation Thread"   daemon [_thread_blocked, id=22152, stack(0x00007bd27c800000,0x00007bd27c900000) (1024K)]
  0x00007bd2a4232050 JavaThread "C2 CompilerThread0"         daemon [_thread_blocked, id=22153, stack(0x00007bd27c700000,0x00007bd27c800000) (1024K)]
  0x00007bd2a4233710 JavaThread "C1 CompilerThread0"         daemon [_thread_blocked, id=22154, stack(0x00007bd27c600000,0x00007bd27c700000) (1024K)]
  0x00007bd2a434ecb0 JavaThread "Notification Thread"        daemon [_thread_blocked, id=22155, stack(0x00007bd27c500000,0x00007bd27c600000) (1024K)]
  0x00007bd2a54fc700 JavaThread "Daemon health stats"               [_thread_blocked, id=22163, stack(0x00007bd233cfe000,0x00007bd233dfe000) (1024K)]
  0x00007bd2a558ef60 JavaThread "Incoming local TCP Connector on port 37947"        [_thread_in_native, id=22164, stack(0x00007bd233900000,0x00007bd233a00000) (1024K)]
  0x00007bd2a55cc360 JavaThread "Daemon periodic checks"            [_thread_blocked, id=22165, stack(0x00007bd233800000,0x00007bd233900000) (1024K)]
  0x00007bd2103fa0d0 JavaThread "Cache worker for journal cache (/home/evangelos-angelousis/.gradle/caches/journal-1)"        [_thread_blocked, id=22177, stack(0x00007bd232bfc000,0x00007bd232cfc000) (1024K)]
  0x00007bd2103ff930 JavaThread "File lock request listener"        [_thread_in_native, id=22178, stack(0x00007bd232afc000,0x00007bd232bfc000) (1024K)]
  0x00007bd21056d950 JavaThread "Cache worker for file hash cache (/home/evangelos-angelousis/.gradle/caches/9.3.1/fileHashes)"        [_thread_blocked, id=22179, stack(0x00007bd232584000,0x00007bd232684000) (1024K)]
  0x00007bd210f30300 JavaThread "File watcher server"        daemon [_thread_blocked, id=22182, stack(0x00007bd2327fc000,0x00007bd2328fc000) (1024K)]
  0x00007bd210f35d00 JavaThread "File watcher consumer"      daemon [_thread_blocked, id=22183, stack(0x00007bd2326fc000,0x00007bd2327fc000) (1024K)]
  0x00007bd21108c500 JavaThread "Cache worker for file content cache (/home/evangelos-angelousis/.gradle/caches/9.3.1/fileContent)"        [_thread_blocked, id=22185, stack(0x00007bd27c300000,0x00007bd27c400000) (1024K)]
  0x00007bd17c49dee0 JavaThread "Memory manager"                    [_thread_blocked, id=22243, stack(0x00007bd188000000,0x00007bd188100000) (1024K)]
  0x00007bd17dbd7280 JavaThread "pool-3-thread-1"                   [_thread_blocked, id=22252, stack(0x00007bd177e00000,0x00007bd177f00000) (1024K)]
  0x00007bd2689cd300 JavaThread "Periodic tasks thread"      daemon [_thread_blocked, id=22319, stack(0x00007bd171b00000,0x00007bd171c00000) (1024K)]
  0x00007bd2689deef0 JavaThread "ApplicationImpl pooled thread 1" daemon [_thread_blocked, id=22320, stack(0x00007bd171a00000,0x00007bd171b00000) (1024K)]
  0x00007bd2698c6ce0 JavaThread "DirectBufferWrapper allocation thread" daemon [_thread_blocked, id=22326, stack(0x00007bd171800000,0x00007bd171900000) (1024K)]
  0x00007bd20c328bb0 JavaThread "pool-7-thread-1"                   [_thread_blocked, id=22694, stack(0x00007bd232284000,0x00007bd232384000) (1024K)]
  0x00007bd20c165b80 JavaThread "pool-10-thread-1"                  [_thread_blocked, id=22864, stack(0x00007bd232384000,0x00007bd232484000) (1024K)]
  0x00007bd21c01c300 JavaThread "Daemon Thread 3"                   [_thread_blocked, id=23075, stack(0x00007bd233300000,0x00007bd233400000) (1024K)]
  0x00007bd1a8004de0 JavaThread "Handler for socket connection from /127.0.0.1:37947 to /127.0.0.1:46208"        [_thread_in_native, id=23076, stack(0x00007bd233400000,0x00007bd233500000) (1024K)]
  0x00007bd1a80059e0 JavaThread "Cancel handler"                    [_thread_blocked, id=23077, stack(0x00007bd177c00000,0x00007bd177d00000) (1024K)]
  0x00007bd1a8000fb0 JavaThread "Daemon worker Thread 3"            [_thread_blocked, id=23078, stack(0x00007bd176100000,0x00007bd176200000) (1024K)]
  0x00007bd23c812b10 JavaThread "Asynchronous log dispatcher for DefaultDaemonConnection: socket connection from /127.0.0.1:37947 to /127.0.0.1:46208"        [_thread_blocked, id=23079, stack(0x00007bd171600000,0x00007bd171700000) (1024K)]
  0x00007bd23c22d050 JavaThread "Stdin handler"                     [_thread_blocked, id=23080, stack(0x00007bd171700000,0x00007bd171800000) (1024K)]
  0x00007bd23c000e80 JavaThread "Daemon client event forwarder"        [_thread_blocked, id=23081, stack(0x00007bd171500000,0x00007bd171600000) (1024K)]
  0x00007bd23c975090 JavaThread "Cache worker for file hash cache (/home/evangelos-angelousis/Desktop/Projects/KotlinMultiplatform/.gradle/9.3.1/fileHashes)"        [_thread_blocked, id=23082, stack(0x00007bd231c84000,0x00007bd231d84000) (1024K)]
  0x00007bd23c2a6410 JavaThread "Cache worker for Build Output Cleanup Cache (/home/evangelos-angelousis/Desktop/Projects/KotlinMultiplatform/.gradle/buildOutputCleanup)"        [_thread_blocked, id=23083, stack(0x00007bd233700000,0x00007bd233800000) (1024K)]
  0x00007bd2453aad10 JavaThread "C2 CompilerThread1"         daemon [_thread_blocked, id=23084, stack(0x00007bd175d00000,0x00007bd175e00000) (1024K)]
  0x00007bd23c0837d0 JavaThread "Cache worker for checksums cache (/home/evangelos-angelousis/Desktop/Projects/KotlinMultiplatform/.gradle/9.3.1/checksums)"        [_thread_blocked, id=23085, stack(0x00007bd177d00000,0x00007bd177e00000) (1024K)]
Total: 37

Other Threads:
  0x00007bd2a4157af0 VMThread "VM Thread"                           [id=22146, stack(0x00007bd27d3dc000,0x00007bd27d4dc000) (1024K)]
  0x00007bd2a414c8d0 WatcherThread "VM Periodic Task Thread"        [id=22143, stack(0x00007bd27d4dd000,0x00007bd27d5dd000) (1024K)]
  0x00007bd2a4098990 WorkerThread "GC Thread#0"                     [id=22138, stack(0x00007bd2914f8000,0x00007bd2915f8000) (1024K)]
=>0x00007bd264007980 WorkerThread "GC Thread#1"                     [id=22158, stack(0x00007bd27c200000,0x00007bd27c300000) (1024K)]
  0x00007bd264008470 WorkerThread "GC Thread#2"                     [id=22159, stack(0x00007bd27c0ff000,0x00007bd27c1ff000) (1024K)]
  0x00007bd264008f60 WorkerThread "GC Thread#3"                     [id=22160, stack(0x00007bd233f00000,0x00007bd234000000) (1024K)]
  0x00007bd264009e40 WorkerThread "GC Thread#4"                     [id=22161, stack(0x00007bd233dff000,0x00007bd233eff000) (1024K)]
  0x00007bd264012390 WorkerThread "GC Thread#5"                     [id=22173, stack(0x00007bd233000000,0x00007bd233100000) (1024K)]
  0x00007bd26400c230 WorkerThread "GC Thread#6"                     [id=22174, stack(0x00007bd232eff000,0x00007bd232fff000) (1024K)]
  0x00007bd26400cd30 WorkerThread "GC Thread#7"                     [id=22175, stack(0x00007bd232dfe000,0x00007bd232efe000) (1024K)]
  0x00007bd2a40a9ee0 ConcurrentGCThread "G1 Main Marker"            [id=22139, stack(0x00007bd28c300000,0x00007bd28c400000) (1024K)]
  0x00007bd2a40aae80 WorkerThread "G1 Conc#0"                       [id=22140, stack(0x00007bd28c1ff000,0x00007bd28c2ff000) (1024K)]
  0x00007bd280000d30 WorkerThread "G1 Conc#1"                       [id=22176, stack(0x00007bd232cfd000,0x00007bd232dfd000) (1024K)]
  0x00007bd2a413b680 ConcurrentGCThread "G1 Refine#0"               [id=22141, stack(0x00007bd27d7f9000,0x00007bd27d8f9000) (1024K)]
  0x00007bd2a413c640 ConcurrentGCThread "G1 Service"                [id=22142, stack(0x00007bd27d6f8000,0x00007bd27d7f8000) (1024K)]
Total: 15

Threads with active compile tasks:
C2 CompilerThread0  472953 35502       4       org.gradle.internal.service.DefaultServiceRegistry$OwnServices::notifyAnnotationHandler (110 bytes)
C2 CompilerThread1  472953 35514       4       java.util.Properties::load0 (249 bytes)
Total: 2

VM state: at safepoint (normal execution)

VM Mutex/Monitor currently owned by a thread:  ([mutex/lock_event])
[0x00007bd2a9406008] Threads_lock - owner thread: 0x00007bd2a4157af0
[0x00007bd2a9406108] Heap_lock - owner thread: 0x00007bd1a8000fb0

Heap address: 0x0000000700000000, size: 4096 MB, Compressed Oops mode: Zero based, Oop shift amount: 3

CDS archive(s) not mapped
Compressed class space mapped at: 0x0000000800000000-0x0000000840000000, reserved size: 1073741824
Narrow klass base: 0x0000000800000000, Narrow klass shift: 0, Narrow klass range: 0x40000000

GC Precious Log:
 CardTable entry size: 512
 Card Set container configuration: InlinePtr #cards 4 size 8 Array Of Cards #cards 16 size 48 Howl #buckets 8 coarsen threshold 3686 Howl Bitmap #cards 512 size 80 coarsen threshold 460 Card regions per heap region 1 cards per card region 4096
 CPUs: 8 total, 8 available
 Memory: 15360M
 Large Page Support: Disabled
 NUMA Support: Disabled
 Compressed Oops: Enabled (Zero based)
 Heap Region Size: 2M
 Heap Min Capacity: 8M
 Heap Initial Capacity: 242M
 Heap Max Capacity: 4G
 Pre-touch: Disabled
 Parallel Workers: 8
 Concurrent Workers: 2
 Concurrent Refinement Workers: 8
 Periodic GC: Disabled

Heap:
 garbage-first heap   total 464896K, used 419641K [0x0000000700000000, 0x0000000800000000)
  region size 2048K, 113 young (231424K), 14 survivors (28672K)
 Metaspace       used 286746K, committed 289600K, reserved 1310720K
  class space    used 36339K, committed 37760K, reserved 1048576K

Heap Regions: E=young(eden), S=young(survivor), O=old, HS=humongous(starts), HC=humongous(continues), CS=collection set, F=free, TAMS=top-at-mark-start, PB=parsable bottom
|   0|0x0000000700000000, 0x0000000700200000, 0x0000000700200000|100%|HS|  |TAMS 0x0000000700200000| PB 0x0000000700000000| Complete 
|   1|0x0000000700200000, 0x0000000700400000, 0x0000000700400000|100%|HC|  |TAMS 0x0000000700400000| PB 0x0000000700200000| Complete 
|   2|0x0000000700400000, 0x0000000700600000, 0x0000000700600000|100%| O|  |TAMS 0x0000000700600000| PB 0x0000000700400000| Untracked 
|   3|0x0000000700600000, 0x0000000700800000, 0x0000000700800000|100%| O|  |TAMS 0x0000000700800000| PB 0x0000000700600000| Untracked 
|   4|0x0000000700800000, 0x0000000700a00000, 0x0000000700a00000|100%| O|  |TAMS 0x0000000700a00000| PB 0x0000000700800000| Untracked 
|   5|0x0000000700a00000, 0x0000000700c00000, 0x0000000700c00000|100%| O|  |TAMS 0x0000000700c00000| PB 0x0000000700a00000| Untracked 
|   6|0x0000000700c00000, 0x0000000700e00000, 0x0000000700e00000|100%| O|  |TAMS 0x0000000700e00000| PB 0x0000000700c00000| Untracked 
|   7|0x0000000700e00000, 0x0000000701000000, 0x0000000701000000|100%| O|  |TAMS 0x0000000700e00000| PB 0x0000000700e00000| Untracked 
|   8|0x0000000701000000, 0x0000000701200000, 0x0000000701200000|100%| O|  |TAMS 0x0000000701200000| PB 0x0000000701000000| Untracked 
|   9|0x0000000701200000, 0x0000000701400000, 0x0000000701400000|100%| O|  |TAMS 0x0000000701400000| PB 0x0000000701200000| Untracked 
|  10|0x0000000701400000, 0x0000000701600000, 0x0000000701600000|100%| O|  |TAMS 0x0000000701600000| PB 0x0000000701400000| Untracked 
|  11|0x0000000701600000, 0x0000000701800000, 0x0000000701800000|100%| O|  |TAMS 0x0000000701800000| PB 0x0000000701600000| Untracked 
|  12|0x0000000701800000, 0x0000000701a00000, 0x0000000701a00000|100%| O|  |TAMS 0x0000000701a00000| PB 0x0000000701800000| Untracked 
|  13|0x0000000701a00000, 0x0000000701c00000, 0x0000000701c00000|100%| O|  |TAMS 0x0000000701c00000| PB 0x0000000701a00000| Untracked 
|  14|0x0000000701c00000, 0x0000000701e00000, 0x0000000701e00000|100%| O|  |TAMS 0x0000000701e00000| PB 0x0000000701c00000| Untracked 
|  15|0x0000000701e00000, 0x0000000702000000, 0x0000000702000000|100%| O|  |TAMS 0x0000000701e00000| PB 0x0000000701e00000| Untracked 
|  16|0x0000000702000000, 0x0000000702200000, 0x0000000702200000|100%| O|  |TAMS 0x0000000702200000| PB 0x0000000702000000| Untracked 
|  17|0x0000000702200000, 0x0000000702400000, 0x0000000702400000|100%| O|  |TAMS 0x0000000702200000| PB 0x0000000702200000| Untracked 
|  18|0x0000000702400000, 0x0000000702600000, 0x0000000702600000|100%|HS|  |TAMS 0x0000000702600000| PB 0x0000000702400000| Complete 
|  19|0x0000000702600000, 0x0000000702800000, 0x0000000702800000|100%| O|  |TAMS 0x0000000702800000| PB 0x0000000702600000| Untracked 
|  20|0x0000000702800000, 0x0000000702a00000, 0x0000000702a00000|100%| O|  |TAMS 0x0000000702a00000| PB 0x0000000702800000| Untracked 
|  21|0x0000000702a00000, 0x0000000702c00000, 0x0000000702c00000|100%| O|  |TAMS 0x0000000702c00000| PB 0x0000000702a00000| Untracked 
|  22|0x0000000702c00000, 0x0000000702e00000, 0x0000000702e00000|100%| O|  |TAMS 0x0000000702e00000| PB 0x0000000702c00000| Untracked 
|  23|0x0000000702e00000, 0x0000000703000000, 0x0000000703000000|100%| O|  |TAMS 0x0000000703000000| PB 0x0000000702e00000| Untracked 
|  24|0x0000000703000000, 0x0000000703200000, 0x0000000703200000|100%| O|  |TAMS 0x0000000703200000| PB 0x0000000703000000| Untracked 
|  25|0x0000000703200000, 0x0000000703400000, 0x0000000703400000|100%| O|  |TAMS 0x0000000703400000| PB 0x0000000703200000| Untracked 
|  26|0x0000000703400000, 0x0000000703600000, 0x0000000703600000|100%| O|  |TAMS 0x0000000703600000| PB 0x0000000703400000| Untracked 
|  27|0x0000000703600000, 0x0000000703800000, 0x0000000703800000|100%| O|  |TAMS 0x0000000703800000| PB 0x0000000703600000| Untracked 
|  28|0x0000000703800000, 0x0000000703a00000, 0x0000000703a00000|100%| O|  |TAMS 0x0000000703a00000| PB 0x0000000703800000| Untracked 
|  29|0x0000000703a00000, 0x0000000703c00000, 0x0000000703c00000|100%| O|  |TAMS 0x0000000703a00000| PB 0x0000000703a00000| Untracked 
|  30|0x0000000703c00000, 0x0000000703e00000, 0x0000000703e00000|100%| O|  |TAMS 0x0000000703e00000| PB 0x0000000703c00000| Untracked 
|  31|0x0000000703e00000, 0x0000000704000000, 0x0000000704000000|100%| O|  |TAMS 0x0000000704000000| PB 0x0000000703e00000| Untracked 
|  32|0x0000000704000000, 0x0000000704200000, 0x0000000704200000|100%| O|  |TAMS 0x0000000704000000| PB 0x0000000704000000| Untracked 
|  33|0x0000000704200000, 0x0000000704400000, 0x0000000704400000|100%| O|  |TAMS 0x0000000704400000| PB 0x0000000704200000| Untracked 
|  34|0x0000000704400000, 0x0000000704600000, 0x0000000704600000|100%| O|  |TAMS 0x0000000704600000| PB 0x0000000704400000| Untracked 
|  35|0x0000000704600000, 0x0000000704800000, 0x0000000704800000|100%| O|  |TAMS 0x0000000704600000| PB 0x0000000704600000| Untracked 
|  36|0x0000000704800000, 0x0000000704a00000, 0x0000000704a00000|100%| O|  |TAMS 0x0000000704a00000| PB 0x0000000704800000| Untracked 
|  37|0x0000000704a00000, 0x0000000704c00000, 0x0000000704c00000|100%| O|  |TAMS 0x0000000704c00000| PB 0x0000000704a00000| Untracked 
|  38|0x0000000704c00000, 0x0000000704e00000, 0x0000000704e00000|100%| O|  |TAMS 0x0000000704c00000| PB 0x0000000704c00000| Untracked 
|  39|0x0000000704e00000, 0x0000000705000000, 0x0000000705000000|100%| O|  |TAMS 0x0000000705000000| PB 0x0000000704e00000| Untracked 
|  40|0x0000000705000000, 0x0000000705200000, 0x0000000705200000|100%| S|  |TAMS 0x0000000705000000| PB 0x0000000705000000| Complete 
|  41|0x0000000705200000, 0x0000000705400000, 0x0000000705400000|100%|HS|  |TAMS 0x0000000705400000| PB 0x0000000705200000| Complete 
|  42|0x0000000705400000, 0x0000000705600000, 0x0000000705600000|100%| S|  |TAMS 0x0000000705400000| PB 0x0000000705400000| Complete 
|  43|0x0000000705600000, 0x0000000705800000, 0x0000000705800000|100%| S|  |TAMS 0x0000000705600000| PB 0x0000000705600000| Complete 
|  44|0x0000000705800000, 0x0000000705a00000, 0x0000000705a00000|100%| O|  |TAMS 0x0000000705a00000| PB 0x0000000705800000| Untracked 
|  45|0x0000000705a00000, 0x0000000705c00000, 0x0000000705c00000|100%| S|  |TAMS 0x0000000705a00000| PB 0x0000000705a00000| Complete 
|  46|0x0000000705c00000, 0x0000000705e00000, 0x0000000705e00000|100%| S|  |TAMS 0x0000000705c00000| PB 0x0000000705c00000| Complete 
|  47|0x0000000705e00000, 0x0000000706000000, 0x0000000706000000|100%| O|  |TAMS 0x0000000706000000| PB 0x0000000705e00000| Untracked 
|  48|0x0000000706000000, 0x0000000706200000, 0x0000000706200000|100%| O|  |TAMS 0x0000000706200000| PB 0x0000000706000000| Untracked 
|  49|0x0000000706200000, 0x0000000706400000, 0x0000000706400000|100%| O|  |TAMS 0x0000000706400000| PB 0x0000000706200000| Untracked 
|  50|0x0000000706400000, 0x0000000706600000, 0x0000000706600000|100%| O|  |TAMS 0x0000000706600000| PB 0x0000000706400000| Untracked 
|  51|0x0000000706600000, 0x0000000706800000, 0x0000000706800000|100%| O|  |TAMS 0x0000000706800000| PB 0x0000000706600000| Untracked 
|  52|0x0000000706800000, 0x0000000706a00000, 0x0000000706a00000|100%| O|  |TAMS 0x0000000706a00000| PB 0x0000000706800000| Untracked 
|  53|0x0000000706a00000, 0x0000000706c00000, 0x0000000706c00000|100%| O|  |TAMS 0x0000000706c00000| PB 0x0000000706a00000| Untracked 
|  54|0x0000000706c00000, 0x0000000706e00000, 0x0000000706e00000|100%| O|  |TAMS 0x0000000706e00000| PB 0x0000000706c00000| Untracked 
|  55|0x0000000706e00000, 0x0000000707000000, 0x0000000707000000|100%| O|  |TAMS 0x0000000707000000| PB 0x0000000706e00000| Untracked 
|  56|0x0000000707000000, 0x0000000707200000, 0x0000000707200000|100%| O|  |TAMS 0x0000000707200000| PB 0x0000000707000000| Untracked 
|  57|0x0000000707200000, 0x0000000707400000, 0x0000000707400000|100%| O|  |TAMS 0x0000000707400000| PB 0x0000000707200000| Untracked 
|  58|0x0000000707400000, 0x0000000707600000, 0x0000000707600000|100%| O|  |TAMS 0x0000000707600000| PB 0x0000000707400000| Untracked 
|  59|0x0000000707600000, 0x0000000707800000, 0x0000000707800000|100%|HS|  |TAMS 0x0000000707800000| PB 0x0000000707600000| Complete 
|  60|0x0000000707800000, 0x0000000707a00000, 0x0000000707a00000|100%|HC|  |TAMS 0x0000000707a00000| PB 0x0000000707800000| Complete 
|  61|0x0000000707a00000, 0x0000000707c00000, 0x0000000707c00000|100%| S|  |TAMS 0x0000000707a00000| PB 0x0000000707a00000| Complete 
|  62|0x0000000707c00000, 0x0000000707e00000, 0x0000000707e00000|100%| O|  |TAMS 0x0000000707e00000| PB 0x0000000707c00000| Untracked 
|  63|0x0000000707e00000, 0x0000000708000000, 0x0000000708000000|100%| O|  |TAMS 0x0000000708000000| PB 0x0000000707e00000| Untracked 
|  64|0x0000000708000000, 0x0000000708200000, 0x0000000708200000|100%| O|  |TAMS 0x0000000708200000| PB 0x0000000708000000| Untracked 
|  65|0x0000000708200000, 0x0000000708400000, 0x0000000708400000|100%| O|  |TAMS 0x0000000708400000| PB 0x0000000708200000| Untracked 
|  66|0x0000000708400000, 0x0000000708600000, 0x0000000708600000|100%| O|  |TAMS 0x0000000708600000| PB 0x0000000708400000| Untracked 
|  67|0x0000000708600000, 0x0000000708800000, 0x0000000708800000|100%| O|  |TAMS 0x0000000708800000| PB 0x0000000708600000| Untracked 
|  68|0x0000000708800000, 0x0000000708a00000, 0x0000000708a00000|100%| O|  |TAMS 0x0000000708a00000| PB 0x0000000708800000| Untracked 
|  69|0x0000000708a00000, 0x0000000708c00000, 0x0000000708c00000|100%| O|  |TAMS 0x0000000708c00000| PB 0x0000000708a00000| Untracked 
|  70|0x0000000708c00000, 0x0000000708e00000, 0x0000000708e00000|100%| O|  |TAMS 0x0000000708e00000| PB 0x0000000708c00000| Untracked 
|  71|0x0000000708e00000, 0x0000000709000000, 0x0000000709000000|100%| O|  |TAMS 0x0000000709000000| PB 0x0000000708e00000| Untracked 
|  72|0x0000000709000000, 0x0000000709200000, 0x0000000709200000|100%| O|  |TAMS 0x0000000709200000| PB 0x0000000709000000| Untracked 
|  73|0x0000000709200000, 0x0000000709400000, 0x0000000709400000|100%| O|  |TAMS 0x0000000709400000| PB 0x0000000709200000| Untracked 
|  74|0x0000000709400000, 0x0000000709600000, 0x0000000709600000|100%| O|  |TAMS 0x0000000709600000| PB 0x0000000709400000| Untracked 
|  75|0x0000000709600000, 0x0000000709800000, 0x0000000709800000|100%| O|  |TAMS 0x0000000709800000| PB 0x0000000709600000| Untracked 
|  76|0x0000000709800000, 0x0000000709a00000, 0x0000000709a00000|100%| O|  |TAMS 0x0000000709a00000| PB 0x0000000709800000| Untracked 
|  77|0x0000000709a00000, 0x0000000709c00000, 0x0000000709c00000|100%| O|  |TAMS 0x0000000709c00000| PB 0x0000000709a00000| Untracked 
|  78|0x0000000709c00000, 0x0000000709e00000, 0x0000000709e00000|100%| O|  |TAMS 0x0000000709e00000| PB 0x0000000709c00000| Untracked 
|  79|0x0000000709e00000, 0x000000070a000000, 0x000000070a000000|100%| O|  |TAMS 0x000000070a000000| PB 0x0000000709e00000| Untracked 
|  80|0x000000070a000000, 0x000000070a200000, 0x000000070a200000|100%| O|  |TAMS 0x000000070a200000| PB 0x000000070a000000| Untracked 
|  81|0x000000070a200000, 0x000000070a400000, 0x000000070a400000|100%| O|  |TAMS 0x000000070a400000| PB 0x000000070a200000| Untracked 
|  82|0x000000070a400000, 0x000000070a600000, 0x000000070a600000|100%| S|  |TAMS 0x000000070a400000| PB 0x000000070a400000| Complete 
|  83|0x000000070a600000, 0x000000070a800000, 0x000000070a800000|100%| O|  |TAMS 0x000000070a800000| PB 0x000000070a600000| Untracked 
|  84|0x000000070a800000, 0x000000070aa00000, 0x000000070aa00000|100%| O|  |TAMS 0x000000070aa00000| PB 0x000000070a800000| Untracked 
|  85|0x000000070aa00000, 0x000000070ac00000, 0x000000070ac00000|100%| S|  |TAMS 0x000000070aa00000| PB 0x000000070aa00000| Complete 
|  86|0x000000070ac00000, 0x000000070ae00000, 0x000000070ae00000|100%| S|  |TAMS 0x000000070ac00000| PB 0x000000070ac00000| Complete 
|  87|0x000000070ae00000, 0x000000070b000000, 0x000000070b000000|100%| S|  |TAMS 0x000000070ae00000| PB 0x000000070ae00000| Complete 
|  88|0x000000070b000000, 0x000000070b200000, 0x000000070b200000|100%| O|  |TAMS 0x000000070b200000| PB 0x000000070b000000| Untracked 
|  89|0x000000070b200000, 0x000000070b400000, 0x000000070b400000|100%| O|  |TAMS 0x000000070b400000| PB 0x000000070b200000| Untracked 
|  90|0x000000070b400000, 0x000000070b600000, 0x000000070b600000|100%| S|  |TAMS 0x000000070b400000| PB 0x000000070b400000| Complete 
|  91|0x000000070b600000, 0x000000070b800000, 0x000000070b800000|100%| S|  |TAMS 0x000000070b600000| PB 0x000000070b600000| Complete 
|  92|0x000000070b800000, 0x000000070ba00000, 0x000000070ba00000|100%| O|  |TAMS 0x000000070ba00000| PB 0x000000070b800000| Untracked 
|  93|0x000000070ba00000, 0x000000070bc00000, 0x000000070bc00000|100%| O|  |TAMS 0x000000070bc00000| PB 0x000000070ba00000| Untracked 
|  94|0x000000070bc00000, 0x000000070be00000, 0x000000070be00000|100%| O|  |TAMS 0x000000070be00000| PB 0x000000070bc00000| Untracked 
|  95|0x000000070be00000, 0x000000070c000000, 0x000000070c000000|100%| E|CS|TAMS 0x000000070be00000| PB 0x000000070be00000| Complete 
|  96|0x000000070c000000, 0x000000070c200000, 0x000000070c200000|100%| E|CS|TAMS 0x000000070c000000| PB 0x000000070c000000| Complete 
|  97|0x000000070c200000, 0x000000070c400000, 0x000000070c400000|100%| O|  |TAMS 0x000000070c400000| PB 0x000000070c200000| Untracked 
|  98|0x000000070c400000, 0x000000070c600000, 0x000000070c600000|100%| O|  |TAMS 0x000000070c600000| PB 0x000000070c400000| Untracked 
|  99|0x000000070c600000, 0x000000070c800000, 0x000000070c800000|100%| O|  |TAMS 0x000000070c800000| PB 0x000000070c600000| Untracked 
| 100|0x000000070c800000, 0x000000070ca00000, 0x000000070ca00000|100%| S|  |TAMS 0x000000070c800000| PB 0x000000070c800000| Complete 
| 101|0x000000070ca00000, 0x000000070cc00000, 0x000000070cc00000|100%| S|  |TAMS 0x000000070ca00000| PB 0x000000070ca00000| Complete 
| 102|0x000000070cc00000, 0x000000070ce00000, 0x000000070ce00000|100%| E|CS|TAMS 0x000000070cc00000| PB 0x000000070cc00000| Complete 
| 103|0x000000070ce00000, 0x000000070d000000, 0x000000070d000000|100%| E|CS|TAMS 0x000000070ce00000| PB 0x000000070ce00000| Complete 
| 104|0x000000070d000000, 0x000000070d200000, 0x000000070d200000|100%| E|CS|TAMS 0x000000070d000000| PB 0x000000070d000000| Complete 
| 105|0x000000070d200000, 0x000000070d400000, 0x000000070d400000|100%| E|CS|TAMS 0x000000070d200000| PB 0x000000070d200000| Complete 
| 106|0x000000070d400000, 0x000000070d600000, 0x000000070d600000|100%| E|CS|TAMS 0x000000070d400000| PB 0x000000070d400000| Complete 
| 107|0x000000070d600000, 0x000000070d800000, 0x000000070d800000|100%| E|CS|TAMS 0x000000070d600000| PB 0x000000070d600000| Complete 
| 108|0x000000070d800000, 0x000000070da00000, 0x000000070da00000|100%| O|  |TAMS 0x000000070da00000| PB 0x000000070d800000| Untracked 
| 109|0x000000070da00000, 0x000000070dc00000, 0x000000070dc00000|100%| O|  |TAMS 0x000000070dc00000| PB 0x000000070da00000| Untracked 
| 110|0x000000070dc00000, 0x000000070de00000, 0x000000070de00000|100%| O|  |TAMS 0x000000070de00000| PB 0x000000070dc00000| Untracked 
| 111|0x000000070de00000, 0x000000070e000000, 0x000000070e000000|100%| O|  |TAMS 0x000000070e000000| PB 0x000000070de00000| Untracked 
| 112|0x000000070e000000, 0x000000070e200000, 0x000000070e200000|100%| O|  |TAMS 0x000000070e200000| PB 0x000000070e000000| Untracked 
| 113|0x000000070e200000, 0x000000070e400000, 0x000000070e400000|100%| O|  |TAMS 0x000000070e400000| PB 0x000000070e200000| Untracked 
| 114|0x000000070e400000, 0x000000070e600000, 0x000000070e600000|100%| O|  |TAMS 0x000000070e600000| PB 0x000000070e400000| Untracked 
| 115|0x000000070e600000, 0x000000070e800000, 0x000000070e800000|100%| O|  |TAMS 0x000000070e800000| PB 0x000000070e600000| Untracked 
| 116|0x000000070e800000, 0x000000070ea00000, 0x000000070ea00000|100%| O|  |TAMS 0x000000070ea00000| PB 0x000000070e800000| Untracked 
| 117|0x000000070ea00000, 0x000000070ec00000, 0x000000070ec00000|100%| O|  |TAMS 0x000000070ec00000| PB 0x000000070ea00000| Untracked 
| 118|0x000000070ec00000, 0x000000070ee00000, 0x000000070ee00000|100%| E|CS|TAMS 0x000000070ec00000| PB 0x000000070ec00000| Complete 
| 119|0x000000070ee00000, 0x000000070f000000, 0x000000070f000000|100%| E|CS|TAMS 0x000000070ee00000| PB 0x000000070ee00000| Complete 
| 120|0x000000070f000000, 0x000000070f200000, 0x000000070f200000|100%| E|CS|TAMS 0x000000070f000000| PB 0x000000070f000000| Complete 
| 121|0x000000070f200000, 0x000000070f400000, 0x000000070f400000|100%| E|CS|TAMS 0x000000070f200000| PB 0x000000070f200000| Complete 
| 122|0x000000070f400000, 0x000000070f600000, 0x000000070f600000|100%| E|CS|TAMS 0x000000070f400000| PB 0x000000070f400000| Complete 
| 123|0x000000070f600000, 0x000000070f800000, 0x000000070f800000|100%| E|CS|TAMS 0x000000070f600000| PB 0x000000070f600000| Complete 
| 124|0x000000070f800000, 0x000000070fa00000, 0x000000070fa00000|100%| E|CS|TAMS 0x000000070f800000| PB 0x000000070f800000| Complete 
| 125|0x000000070fa00000, 0x000000070fc00000, 0x000000070fc00000|100%| E|CS|TAMS 0x000000070fa00000| PB 0x000000070fa00000| Complete 
| 126|0x000000070fc00000, 0x000000070fe00000, 0x000000070fe00000|100%| E|CS|TAMS 0x000000070fc00000| PB 0x000000070fc00000| Complete 
| 127|0x000000070fe00000, 0x0000000710000000, 0x0000000710000000|100%| E|CS|TAMS 0x000000070fe00000| PB 0x000000070fe00000| Complete 
| 128|0x0000000710000000, 0x0000000710200000, 0x0000000710200000|100%| E|CS|TAMS 0x0000000710000000| PB 0x0000000710000000| Complete 
| 129|0x0000000710200000, 0x0000000710400000, 0x0000000710400000|100%| E|CS|TAMS 0x0000000710200000| PB 0x0000000710200000| Complete 
| 130|0x0000000710400000, 0x0000000710600000, 0x0000000710600000|100%| E|CS|TAMS 0x0000000710400000| PB 0x0000000710400000| Complete 
| 131|0x0000000710600000, 0x0000000710800000, 0x0000000710800000|100%| E|CS|TAMS 0x0000000710600000| PB 0x0000000710600000| Complete 
| 132|0x0000000710800000, 0x0000000710a00000, 0x0000000710a00000|100%| E|CS|TAMS 0x0000000710800000| PB 0x0000000710800000| Complete 
| 133|0x0000000710a00000, 0x0000000710c00000, 0x0000000710c00000|100%| E|CS|TAMS 0x0000000710a00000| PB 0x0000000710a00000| Complete 
| 134|0x0000000710c00000, 0x0000000710e00000, 0x0000000710e00000|100%| E|CS|TAMS 0x0000000710c00000| PB 0x0000000710c00000| Complete 
| 135|0x0000000710e00000, 0x0000000711000000, 0x0000000711000000|100%| E|CS|TAMS 0x0000000710e00000| PB 0x0000000710e00000| Complete 
| 136|0x0000000711000000, 0x0000000711200000, 0x0000000711200000|100%| E|CS|TAMS 0x0000000711000000| PB 0x0000000711000000| Complete 
| 137|0x0000000711200000, 0x0000000711400000, 0x0000000711400000|100%| E|CS|TAMS 0x0000000711200000| PB 0x0000000711200000| Complete 
| 138|0x0000000711400000, 0x0000000711600000, 0x0000000711600000|100%| E|CS|TAMS 0x0000000711400000| PB 0x0000000711400000| Complete 
| 139|0x0000000711600000, 0x0000000711800000, 0x0000000711800000|100%| E|CS|TAMS 0x0000000711600000| PB 0x0000000711600000| Complete 
| 140|0x0000000711800000, 0x0000000711a00000, 0x0000000711a00000|100%| E|CS|TAMS 0x0000000711800000| PB 0x0000000711800000| Complete 
| 141|0x0000000711a00000, 0x0000000711c00000, 0x0000000711c00000|100%| E|CS|TAMS 0x0000000711a00000| PB 0x0000000711a00000| Complete 
| 142|0x0000000711c00000, 0x0000000711e00000, 0x0000000711e00000|100%| E|CS|TAMS 0x0000000711c00000| PB 0x0000000711c00000| Complete 
| 143|0x0000000711e00000, 0x0000000712000000, 0x0000000712000000|100%| E|CS|TAMS 0x0000000711e00000| PB 0x0000000711e00000| Complete 
| 144|0x0000000712000000, 0x0000000712200000, 0x0000000712200000|100%| E|CS|TAMS 0x0000000712000000| PB 0x0000000712000000| Complete 
| 145|0x0000000712200000, 0x0000000712400000, 0x0000000712400000|100%| E|CS|TAMS 0x0000000712200000| PB 0x0000000712200000| Complete 
| 146|0x0000000712400000, 0x0000000712600000, 0x0000000712600000|100%| E|CS|TAMS 0x0000000712400000| PB 0x0000000712400000| Complete 
| 147|0x0000000712600000, 0x0000000712800000, 0x0000000712800000|100%| E|CS|TAMS 0x0000000712600000| PB 0x0000000712600000| Complete 
| 148|0x0000000712800000, 0x0000000712a00000, 0x0000000712a00000|100%| E|CS|TAMS 0x0000000712800000| PB 0x0000000712800000| Complete 
| 149|0x0000000712a00000, 0x0000000712c00000, 0x0000000712c00000|100%| E|CS|TAMS 0x0000000712a00000| PB 0x0000000712a00000| Complete 
| 150|0x0000000712c00000, 0x0000000712e00000, 0x0000000712e00000|100%| E|CS|TAMS 0x0000000712c00000| PB 0x0000000712c00000| Complete 
| 151|0x0000000712e00000, 0x0000000713000000, 0x0000000713000000|100%| E|CS|TAMS 0x0000000712e00000| PB 0x0000000712e00000| Complete 
| 152|0x0000000713000000, 0x0000000713200000, 0x0000000713200000|100%| E|CS|TAMS 0x0000000713000000| PB 0x0000000713000000| Complete 
| 153|0x0000000713200000, 0x0000000713400000, 0x0000000713400000|100%| E|CS|TAMS 0x0000000713200000| PB 0x0000000713200000| Complete 
| 154|0x0000000713400000, 0x0000000713600000, 0x0000000713600000|100%| E|CS|TAMS 0x0000000713400000| PB 0x0000000713400000| Complete 
| 155|0x0000000713600000, 0x0000000713800000, 0x0000000713800000|100%| E|CS|TAMS 0x0000000713600000| PB 0x0000000713600000| Complete 
| 156|0x0000000713800000, 0x0000000713a00000, 0x0000000713a00000|100%| E|CS|TAMS 0x0000000713800000| PB 0x0000000713800000| Complete 
| 157|0x0000000713a00000, 0x0000000713c00000, 0x0000000713c00000|100%| E|CS|TAMS 0x0000000713a00000| PB 0x0000000713a00000| Complete 
| 158|0x0000000713c00000, 0x0000000713e00000, 0x0000000713e00000|100%| E|CS|TAMS 0x0000000713c00000| PB 0x0000000713c00000| Complete 
| 159|0x0000000713e00000, 0x0000000714000000, 0x0000000714000000|100%| E|CS|TAMS 0x0000000713e00000| PB 0x0000000713e00000| Complete 
| 160|0x0000000714000000, 0x0000000714200000, 0x0000000714200000|100%| E|CS|TAMS 0x0000000714000000| PB 0x0000000714000000| Complete 
| 161|0x0000000714200000, 0x0000000714400000, 0x0000000714400000|100%| E|CS|TAMS 0x0000000714200000| PB 0x0000000714200000| Complete 
| 162|0x0000000714400000, 0x0000000714600000, 0x0000000714600000|100%| E|CS|TAMS 0x0000000714400000| PB 0x0000000714400000| Complete 
| 163|0x0000000714600000, 0x0000000714800000, 0x0000000714800000|100%| E|CS|TAMS 0x0000000714600000| PB 0x0000000714600000| Complete 
| 164|0x0000000714800000, 0x0000000714a00000, 0x0000000714a00000|100%| E|CS|TAMS 0x0000000714800000| PB 0x0000000714800000| Complete 
| 165|0x0000000714a00000, 0x0000000714c00000, 0x0000000714c00000|100%| E|CS|TAMS 0x0000000714a00000| PB 0x0000000714a00000| Complete 
| 166|0x0000000714c00000, 0x0000000714e00000, 0x0000000714e00000|100%| E|CS|TAMS 0x0000000714c00000| PB 0x0000000714c00000| Complete 
| 167|0x0000000714e00000, 0x0000000715000000, 0x0000000715000000|100%| E|CS|TAMS 0x0000000714e00000| PB 0x0000000714e00000| Complete 
| 168|0x0000000715000000, 0x0000000715200000, 0x0000000715200000|100%| E|CS|TAMS 0x0000000715000000| PB 0x0000000715000000| Complete 
| 169|0x0000000715200000, 0x0000000715400000, 0x0000000715400000|100%| E|CS|TAMS 0x0000000715200000| PB 0x0000000715200000| Complete 
| 170|0x0000000715400000, 0x0000000715600000, 0x0000000715600000|100%| E|CS|TAMS 0x0000000715400000| PB 0x0000000715400000| Complete 
| 171|0x0000000715600000, 0x0000000715800000, 0x0000000715800000|100%| E|CS|TAMS 0x0000000715600000| PB 0x0000000715600000| Complete 
| 172|0x0000000715800000, 0x0000000715a00000, 0x0000000715a00000|100%| E|CS|TAMS 0x0000000715800000| PB 0x0000000715800000| Complete 
| 173|0x0000000715a00000, 0x0000000715c00000, 0x0000000715c00000|100%| E|CS|TAMS 0x0000000715a00000| PB 0x0000000715a00000| Complete 
| 174|0x0000000715c00000, 0x0000000715e00000, 0x0000000715e00000|100%| E|CS|TAMS 0x0000000715c00000| PB 0x0000000715c00000| Complete 
| 175|0x0000000715e00000, 0x0000000716000000, 0x0000000716000000|100%| E|CS|TAMS 0x0000000715e00000| PB 0x0000000715e00000| Complete 
| 176|0x0000000716000000, 0x0000000716200000, 0x0000000716200000|100%| E|CS|TAMS 0x0000000716000000| PB 0x0000000716000000| Complete 
| 177|0x0000000716200000, 0x0000000716400000, 0x0000000716400000|100%| E|CS|TAMS 0x0000000716200000| PB 0x0000000716200000| Complete 
| 178|0x0000000716400000, 0x0000000716600000, 0x0000000716600000|100%| E|CS|TAMS 0x0000000716400000| PB 0x0000000716400000| Complete 
| 179|0x0000000716600000, 0x0000000716800000, 0x0000000716800000|100%| E|CS|TAMS 0x0000000716600000| PB 0x0000000716600000| Complete 
| 180|0x0000000716800000, 0x0000000716a00000, 0x0000000716a00000|100%| E|CS|TAMS 0x0000000716800000| PB 0x0000000716800000| Complete 
| 181|0x0000000716a00000, 0x0000000716c00000, 0x0000000716c00000|100%| E|CS|TAMS 0x0000000716a00000| PB 0x0000000716a00000| Complete 
| 182|0x0000000716c00000, 0x0000000716e00000, 0x0000000716e00000|100%| E|CS|TAMS 0x0000000716c00000| PB 0x0000000716c00000| Complete 
| 183|0x0000000716e00000, 0x0000000717000000, 0x0000000717000000|100%| E|CS|TAMS 0x0000000716e00000| PB 0x0000000716e00000| Complete 
| 184|0x0000000717000000, 0x0000000717200000, 0x0000000717200000|100%| E|CS|TAMS 0x0000000717000000| PB 0x0000000717000000| Complete 
| 185|0x0000000717200000, 0x0000000717400000, 0x0000000717400000|100%| E|CS|TAMS 0x0000000717200000| PB 0x0000000717200000| Complete 
| 186|0x0000000717400000, 0x0000000717600000, 0x0000000717600000|100%| E|CS|TAMS 0x0000000717400000| PB 0x0000000717400000| Complete 
| 187|0x0000000717600000, 0x0000000717800000, 0x0000000717800000|100%| E|CS|TAMS 0x0000000717600000| PB 0x0000000717600000| Complete 
| 188|0x0000000717800000, 0x0000000717a00000, 0x0000000717a00000|100%| E|CS|TAMS 0x0000000717800000| PB 0x0000000717800000| Complete 
| 189|0x0000000717a00000, 0x0000000717c00000, 0x0000000717c00000|100%| E|CS|TAMS 0x0000000717a00000| PB 0x0000000717a00000| Complete 
| 190|0x0000000717c00000, 0x0000000717e00000, 0x0000000717e00000|100%| E|CS|TAMS 0x0000000717c00000| PB 0x0000000717c00000| Complete 
| 191|0x0000000717e00000, 0x0000000718000000, 0x0000000718000000|100%| E|CS|TAMS 0x0000000717e00000| PB 0x0000000717e00000| Complete 
| 192|0x0000000718000000, 0x0000000718200000, 0x0000000718200000|100%| E|CS|TAMS 0x0000000718000000| PB 0x0000000718000000| Complete 
| 193|0x0000000718200000, 0x0000000718400000, 0x0000000718400000|100%| E|CS|TAMS 0x0000000718200000| PB 0x0000000718200000| Complete 
| 194|0x0000000718400000, 0x0000000718600000, 0x0000000718600000|100%| E|CS|TAMS 0x0000000718400000| PB 0x0000000718400000| Complete 
| 195|0x0000000718600000, 0x0000000718800000, 0x0000000718800000|100%| E|CS|TAMS 0x0000000718600000| PB 0x0000000718600000| Complete 
| 196|0x0000000718800000, 0x0000000718a00000, 0x0000000718a00000|100%| E|CS|TAMS 0x0000000718800000| PB 0x0000000718800000| Complete 
| 197|0x0000000718a00000, 0x0000000718c00000, 0x0000000718c00000|100%| E|CS|TAMS 0x0000000718a00000| PB 0x0000000718a00000| Complete 
| 198|0x0000000718c00000, 0x0000000718e00000, 0x0000000718e00000|100%| E|CS|TAMS 0x0000000718c00000| PB 0x0000000718c00000| Complete 
| 199|0x0000000718e00000, 0x0000000719000000, 0x0000000719000000|100%| E|CS|TAMS 0x0000000718e00000| PB 0x0000000718e00000| Complete 
| 200|0x0000000719000000, 0x0000000719200000, 0x0000000719200000|100%| E|CS|TAMS 0x0000000719000000| PB 0x0000000719000000| Complete 
| 201|0x0000000719200000, 0x0000000719400000, 0x0000000719400000|100%| E|CS|TAMS 0x0000000719200000| PB 0x0000000719200000| Complete 
| 202|0x0000000719400000, 0x0000000719600000, 0x0000000719600000|100%| E|CS|TAMS 0x0000000719400000| PB 0x0000000719400000| Complete 
| 203|0x0000000719600000, 0x0000000719800000, 0x0000000719800000|100%| E|CS|TAMS 0x0000000719600000| PB 0x0000000719600000| Complete 
| 204|0x0000000719800000, 0x0000000719a00000, 0x0000000719a00000|100%| E|CS|TAMS 0x0000000719800000| PB 0x0000000719800000| Complete 
| 205|0x0000000719a00000, 0x0000000719c00000, 0x0000000719c00000|100%| E|CS|TAMS 0x0000000719a00000| PB 0x0000000719a00000| Complete 
| 206|0x0000000719c00000, 0x0000000719e00000, 0x0000000719e00000|100%| E|CS|TAMS 0x0000000719c00000| PB 0x0000000719c00000| Complete 
| 207|0x0000000719e00000, 0x0000000719fce540, 0x000000071a000000| 90%| E|CS|TAMS 0x0000000719e00000| PB 0x0000000719e00000| Complete 
|2029|0x00000007fda00000, 0x00000007fdba2b00, 0x00000007fdc00000| 81%| O|  |TAMS 0x00000007fda00000| PB 0x00000007fda00000| Untracked 
|2030|0x00000007fdc00000, 0x00000007fde00000, 0x00000007fde00000|100%| O|  |TAMS 0x00000007fde00000| PB 0x00000007fdc00000| Untracked 
|2031|0x00000007fde00000, 0x00000007fe000000, 0x00000007fe000000|100%| E|CS|TAMS 0x00000007fde00000| PB 0x00000007fde00000| Complete 
|2032|0x00000007fe000000, 0x00000007fe200000, 0x00000007fe200000|100%| E|CS|TAMS 0x00000007fe000000| PB 0x00000007fe000000| Complete 
|2033|0x00000007fe200000, 0x00000007fe400000, 0x00000007fe400000|100%| E|CS|TAMS 0x00000007fe200000| PB 0x00000007fe200000| Complete 
|2034|0x00000007fe400000, 0x00000007fe600000, 0x00000007fe600000|100%| E|CS|TAMS 0x00000007fe400000| PB 0x00000007fe400000| Complete 
|2035|0x00000007fe600000, 0x00000007fe800000, 0x00000007fe800000|100%| E|CS|TAMS 0x00000007fe600000| PB 0x00000007fe600000| Complete 
|2036|0x00000007fe800000, 0x00000007fea00000, 0x00000007fea00000|100%| E|CS|TAMS 0x00000007fe800000| PB 0x00000007fe800000| Complete 
|2037|0x00000007fea00000, 0x00000007fec00000, 0x00000007fec00000|100%| E|CS|TAMS 0x00000007fea00000| PB 0x00000007fea00000| Complete 
|2038|0x00000007fec00000, 0x00000007fee00000, 0x00000007fee00000|100%| E|CS|TAMS 0x00000007fec00000| PB 0x00000007fec00000| Complete 
|2039|0x00000007fee00000, 0x00000007ff000000, 0x00000007ff000000|100%| E|CS|TAMS 0x00000007fee00000| PB 0x00000007fee00000| Complete 
|2040|0x00000007ff000000, 0x00000007ff200000, 0x00000007ff200000|100%| E|CS|TAMS 0x00000007ff000000| PB 0x00000007ff000000| Complete 
|2041|0x00000007ff200000, 0x00000007ff400000, 0x00000007ff400000|100%| E|CS|TAMS 0x00000007ff200000| PB 0x00000007ff200000| Complete 
|2042|0x00000007ff400000, 0x00000007ff600000, 0x00000007ff600000|100%| E|CS|TAMS 0x00000007ff400000| PB 0x00000007ff400000| Complete 
|2043|0x00000007ff600000, 0x00000007ff800000, 0x00000007ff800000|100%| E|CS|TAMS 0x00000007ff600000| PB 0x00000007ff600000| Complete 
|2044|0x00000007ff800000, 0x00000007ffa00000, 0x00000007ffa00000|100%| O|  |TAMS 0x00000007ffa00000| PB 0x00000007ff800000| Untracked 
|2045|0x00000007ffa00000, 0x00000007ffc00000, 0x00000007ffc00000|100%| O|  |TAMS 0x00000007ffc00000| PB 0x00000007ffa00000| Untracked 
|2046|0x00000007ffc00000, 0x00000007ffe00000, 0x00000007ffe00000|100%| O|  |TAMS 0x00000007ffe00000| PB 0x00000007ffc00000| Untracked 
|2047|0x00000007ffe00000, 0x0000000800000000, 0x0000000800000000|100%| O|  |TAMS 0x0000000800000000| PB 0x00000007ffe00000| Untracked 

Card table byte_map: [0x00007bd290400000,0x00007bd290c00000] _byte_map_base: 0x00007bd28cc00000

Marking Bits: (CMBitMap*) 0x00007bd2a40993f0
 Bits: [0x00007bd28c400000, 0x00007bd290400000)

Polling page: 0x00007bd2a99f0000

Metaspace:

Usage:
  Non-class:    244.54 MB used.
      Class:     35.49 MB used.
       Both:    280.03 MB used.

Virtual space:
  Non-class space:      256.00 MB reserved,     245.94 MB ( 96%) committed,  4 nodes.
      Class space:        1.00 GB reserved,      36.88 MB (  4%) committed,  1 nodes.
             Both:        1.25 GB reserved,     282.81 MB ( 22%) committed. 

Chunk freelists:
   Non-Class:  9.14 MB
       Class:  11.16 MB
        Both:  20.30 MB

MaxMetaspaceSize: unlimited
CompressedClassSpaceSize: 1.00 GB
Initial GC threshold: 21.00 MB
Current GC threshold: 461.06 MB
CDS: off
 - commit_granule_bytes: 65536.
 - commit_granule_words: 8192.
 - virtual_space_node_default_size: 8388608.
 - enlarge_chunks_in_place: 1.
 - use_allocation_guard: 0.


Internal statistics:

num_allocs_failed_limit: 21.
num_arena_births: 5748.
num_arena_deaths: 6.
num_vsnodes_births: 5.
num_vsnodes_deaths: 0.
num_space_committed: 4531.
num_space_uncommitted: 9.
num_chunks_returned_to_freelist: 77.
num_chunks_taken_from_freelist: 17109.
num_chunk_merges: 33.
num_chunk_splits: 12264.
num_chunks_enlarged: 8880.
num_inconsistent_stats: 0.

CodeHeap 'non-profiled nmethods': size=120028Kb used=19850Kb max_used=19850Kb free=100177Kb
 bounds [0x00007bd2998c9000, 0x00007bd29ac49000, 0x00007bd2a0e00000]
CodeHeap 'profiled nmethods': size=120028Kb used=66533Kb max_used=66533Kb free=53494Kb
 bounds [0x00007bd291e00000, 0x00007bd295f00000, 0x00007bd299337000]
CodeHeap 'non-nmethods': size=5704Kb used=2644Kb max_used=2751Kb free=3059Kb
 bounds [0x00007bd299337000, 0x00007bd299607000, 0x00007bd2998c9000]
CodeCache: size=245760Kb, used=89027Kb, max_used=89134Kb, free=156730Kb
 total_blobs=29168, nmethods=27890, adapters=1180, full_count=0
Compilation: enabled, stopped_count=0, restarted_count=0

Compilation events (20 events):
Event: 472.907 Thread 0x00007bd2a4232050 35502       4       org.gradle.internal.service.DefaultServiceRegistry$OwnServices::notifyAnnotationHandler (110 bytes)
Event: 472.910 Thread 0x00007bd2a4233710 35506       1       org.gradle.internal.execution.impl.FingerprinterRegistration::getSpec (5 bytes)
Event: 472.910 Thread 0x00007bd2a4233710 nmethod 35506 0x00007bd29a652190 code [0x00007bd29a652320, 0x00007bd29a6523e8]
Event: 472.910 Thread 0x00007bd2a4233710 35507       1       org.gradle.internal.execution.impl.FingerprinterRegistration::getFingerprinter (5 bytes)
Event: 472.910 Thread 0x00007bd2a4233710 nmethod 35507 0x00007bd29a651e90 code [0x00007bd29a652020, 0x00007bd29a6520e8]
Event: 472.911 Thread 0x00007bd2a4233710 35508       3       org.gradle.internal.watch.vfs.impl.DefaultWatchableFileSystemDetector$$Lambda/0x000000080051e848::apply (10 bytes)
Event: 472.911 Thread 0x00007bd2a4233710 nmethod 35508 0x00007bd295ef9510 code [0x00007bd295ef96c0, 0x00007bd295ef9940]
Event: 472.911 Thread 0x00007bd2a4233710 35509       3       org.gradle.internal.watch.vfs.impl.WatchingVirtualFileSystem$1$$Lambda/0x000000080051eab8::accept (14 bytes)
Event: 472.912 Thread 0x00007bd2a4233710 nmethod 35509 0x00007bd295ef9a90 code [0x00007bd295ef9c40, 0x00007bd295ef9f08]
Event: 472.912 Thread 0x00007bd2a4233710 35511       3       org.gradle.internal.file.FileHierarchySet$Node::equals (59 bytes)
Event: 472.912 Thread 0x00007bd2a4233710 nmethod 35511 0x00007bd295efa010 code [0x00007bd295efa200, 0x00007bd295efa6d8]
Event: 472.912 Thread 0x00007bd2a4233710 35510       3       org.gradle.internal.watch.registry.impl.WatchableHierarchies$$Lambda/0x0000000800525578::apply (12 bytes)
Event: 472.912 Thread 0x00007bd2a4233710 nmethod 35510 0x00007bd295efa890 code [0x00007bd295efaa40, 0x00007bd295efadf0]
Event: 472.914 Thread 0x00007bd2a4233710 35515       3       java.lang.ProcessEnvironment$StringEntry::getKey (5 bytes)
Event: 472.915 Thread 0x00007bd2a4233710 nmethod 35515 0x00007bd295efaf10 code [0x00007bd295efb0c0, 0x00007bd295efb490]
Event: 472.915 Thread 0x00007bd2a4233710 35516       3       java.lang.ProcessEnvironment$StringEntry::getKey (16 bytes)
Event: 472.915 Thread 0x00007bd2453aad10 35514       4       java.util.Properties::load0 (249 bytes)
Event: 472.915 Thread 0x00007bd2a4233710 nmethod 35516 0x00007bd295efb610 code [0x00007bd295efb7c0, 0x00007bd295efbb28]
Event: 472.916 Thread 0x00007bd2a4233710 35517       3       java.util.Random::next (47 bytes)
Event: 472.916 Thread 0x00007bd2a4233710 nmethod 35517 0x00007bd295efbc10 code [0x00007bd295efbdc0, 0x00007bd295efc020]

GC Heap History (20 events):
Event: 23.815 GC heap after
{Heap after GC invocations=40 (full 0):
 garbage-first heap   total 448512K, used 206486K [0x0000000700000000, 0x0000000800000000)
  region size 2048K, 6 young (12288K), 6 survivors (12288K)
 Metaspace       used 207478K, committed 209920K, reserved 1245184K
  class space    used 27274K, committed 28416K, reserved 1048576K
}
Event: 25.595 GC heap before
{Heap before GC invocations=40 (full 0):
 garbage-first heap   total 448512K, used 396950K [0x0000000700000000, 0x0000000800000000)
  region size 2048K, 95 young (194560K), 6 survivors (12288K)
 Metaspace       used 227988K, committed 230464K, reserved 1310720K
  class space    used 29921K, committed 31104K, reserved 1048576K
}
Event: 25.615 GC heap after
{Heap after GC invocations=41 (full 0):
 garbage-first heap   total 448512K, used 183875K [0x0000000700000000, 0x0000000800000000)
  region size 2048K, 12 young (24576K), 12 survivors (24576K)
 Metaspace       used 227988K, committed 230464K, reserved 1310720K
  class space    used 29921K, committed 31104K, reserved 1048576K
}
Event: 27.872 GC heap before
{Heap before GC invocations=41 (full 0):
 garbage-first heap   total 448512K, used 400963K [0x0000000700000000, 0x0000000800000000)
  region size 2048K, 116 young (237568K), 12 survivors (24576K)
 Metaspace       used 255208K, committed 257728K, reserved 1310720K
  class space    used 32836K, committed 34048K, reserved 1048576K
}
Event: 27.905 GC heap after
{Heap after GC invocations=42 (full 0):
 garbage-first heap   total 458752K, used 209052K [0x0000000700000000, 0x0000000800000000)
  region size 2048K, 15 young (30720K), 15 survivors (30720K)
 Metaspace       used 255208K, committed 257728K, reserved 1310720K
  class space    used 32836K, committed 34048K, reserved 1048576K
}
Event: 160.988 GC heap before
{Heap before GC invocations=42 (full 0):
 garbage-first heap   total 458752K, used 391324K [0x0000000700000000, 0x0000000800000000)
  region size 2048K, 105 young (215040K), 15 survivors (30720K)
 Metaspace       used 274801K, committed 277440K, reserved 1310720K
  class space    used 35021K, committed 36288K, reserved 1048576K
}
Event: 161.024 GC heap after
{Heap after GC invocations=43 (full 0):
 garbage-first heap   total 458752K, used 220458K [0x0000000700000000, 0x0000000800000000)
  region size 2048K, 7 young (14336K), 7 survivors (14336K)
 Metaspace       used 274801K, committed 277440K, reserved 1310720K
  class space    used 35021K, committed 36288K, reserved 1048576K
}
Event: 233.522 GC heap before
{Heap before GC invocations=44 (full 0):
 garbage-first heap   total 458752K, used 400682K [0x0000000700000000, 0x0000000800000000)
  region size 2048K, 96 young (196608K), 7 survivors (14336K)
 Metaspace       used 278633K, committed 281408K, reserved 1310720K
  class space    used 35465K, committed 36800K, reserved 1048576K
}
Event: 233.542 GC heap after
{Heap after GC invocations=45 (full 0):
 garbage-first heap   total 458752K, used 236148K [0x0000000700000000, 0x0000000800000000)
  region size 2048K, 12 young (24576K), 12 survivors (24576K)
 Metaspace       used 278633K, committed 281408K, reserved 1310720K
  class space    used 35465K, committed 36800K, reserved 1048576K
}
Event: 240.268 GC heap before
{Heap before GC invocations=45 (full 0):
 garbage-first heap   total 458752K, used 404084K [0x0000000700000000, 0x0000000800000000)
  region size 2048K, 94 young (192512K), 12 survivors (24576K)
 Metaspace       used 279611K, committed 282368K, reserved 1310720K
  class space    used 35486K, committed 36800K, reserved 1048576K
}
Event: 240.295 GC heap after
{Heap after GC invocations=46 (full 0):
 garbage-first heap   total 458752K, used 253463K [0x0000000700000000, 0x0000000800000000)
  region size 2048K, 11 young (22528K), 11 survivors (22528K)
 Metaspace       used 279611K, committed 282368K, reserved 1310720K
  class space    used 35486K, committed 36800K, reserved 1048576K
}
Event: 259.277 GC heap before
{Heap before GC invocations=46 (full 0):
 garbage-first heap   total 458752K, used 405015K [0x0000000700000000, 0x0000000800000000)
  region size 2048K, 86 young (176128K), 11 survivors (22528K)
 Metaspace       used 281228K, committed 284032K, reserved 1310720K
  class space    used 35678K, committed 37056K, reserved 1048576K
}
Event: 259.301 GC heap after
{Heap after GC invocations=47 (full 0):
 garbage-first heap   total 458752K, used 262236K [0x0000000700000000, 0x0000000800000000)
  region size 2048K, 5 young (10240K), 5 survivors (10240K)
 Metaspace       used 281228K, committed 284032K, reserved 1310720K
  class space    used 35678K, committed 37056K, reserved 1048576K
}
Event: 301.914 GC heap before
{Heap before GC invocations=48 (full 0):
 garbage-first heap   total 458752K, used 409692K [0x0000000700000000, 0x0000000800000000)
  region size 2048K, 79 young (161792K), 5 survivors (10240K)
 Metaspace       used 280494K, committed 283456K, reserved 1310720K
  class space    used 35555K, committed 37056K, reserved 1048576K
}
Event: 301.921 GC heap after
{Heap after GC invocations=49 (full 0):
 garbage-first heap   total 458752K, used 264637K [0x0000000700000000, 0x0000000800000000)
  region size 2048K, 7 young (14336K), 7 survivors (14336K)
 Metaspace       used 280494K, committed 283456K, reserved 1310720K
  class space    used 35555K, committed 37056K, reserved 1048576K
}
Event: 317.139 GC heap before
{Heap before GC invocations=49 (full 0):
 garbage-first heap   total 458752K, used 416189K [0x0000000700000000, 0x0000000800000000)
  region size 2048K, 82 young (167936K), 7 survivors (14336K)
 Metaspace       used 282564K, committed 285376K, reserved 1310720K
  class space    used 35866K, committed 37248K, reserved 1048576K
}
Event: 317.152 GC heap after
{Heap after GC invocations=50 (full 0):
 garbage-first heap   total 458752K, used 228800K [0x0000000700000000, 0x0000000800000000)
  region size 2048K, 6 young (12288K), 6 survivors (12288K)
 Metaspace       used 282564K, committed 285376K, reserved 1310720K
  class space    used 35866K, committed 37248K, reserved 1048576K
}
Event: 318.510 GC heap before
{Heap before GC invocations=50 (full 0):
 garbage-first heap   total 458752K, used 415168K [0x0000000700000000, 0x0000000800000000)
  region size 2048K, 98 young (200704K), 6 survivors (12288K)
 Metaspace       used 284394K, committed 287232K, reserved 1310720K
  class space    used 36099K, committed 37504K, reserved 1048576K
}
Event: 318.531 GC heap after
{Heap after GC invocations=51 (full 0):
 garbage-first heap   total 462848K, used 216889K [0x0000000700000000, 0x0000000800000000)
  region size 2048K, 12 young (24576K), 12 survivors (24576K)
 Metaspace       used 284394K, committed 287232K, reserved 1310720K
  class space    used 36099K, committed 37504K, reserved 1048576K
}
Event: 472.916 GC heap before
{Heap before GC invocations=51 (full 0):
 garbage-first heap   total 462848K, used 417593K [0x0000000700000000, 0x0000000800000000)
  region size 2048K, 111 young (227328K), 12 survivors (24576K)
 Metaspace       used 286746K, committed 289600K, reserved 1310720K
  class space    used 36339K, committed 37760K, reserved 1048576K
}

Dll operation events (15 events):
Event: 0.002 Loaded shared library /home/evangelos-angelousis/Desktop/android-studio-panda1-patch1-linux/android-studio/jbr/lib/libjava.so
Event: 0.007 Loaded shared library /home/evangelos-angelousis/Desktop/android-studio-panda1-patch1-linux/android-studio/jbr/lib/libzip.so
Event: 0.135 Loaded shared library /home/evangelos-angelousis/Desktop/android-studio-panda1-patch1-linux/android-studio/jbr/lib/libnio.so
Event: 0.140 Loaded shared library /home/evangelos-angelousis/Desktop/android-studio-panda1-patch1-linux/android-studio/jbr/lib/libinstrument.so
Event: 0.146 Loaded shared library /home/evangelos-angelousis/Desktop/android-studio-panda1-patch1-linux/android-studio/jbr/lib/libzip.so
Event: 0.215 Loaded shared library /home/evangelos-angelousis/Desktop/android-studio-panda1-patch1-linux/android-studio/jbr/lib/libnet.so
Event: 0.339 Loaded shared library /home/evangelos-angelousis/Desktop/android-studio-panda1-patch1-linux/android-studio/jbr/lib/libjimage.so
Event: 0.499 Loaded shared library /home/evangelos-angelousis/Desktop/android-studio-panda1-patch1-linux/android-studio/jbr/lib/libverify.so
Event: 0.522 Loaded shared library /home/evangelos-angelousis/.gradle/native/660c5614fbf4a5f2a75b1949f50a0caf5cd603558e7d8a26e50b933a0cfb79d1/linux-amd64/libnative-platform.so
Event: 0.532 Loaded shared library /home/evangelos-angelousis/.gradle/native/0.2.8/x86_64-linux-gnu/libgradle-fileevents.so
Event: 1.051 Loaded shared library /home/evangelos-angelousis/Desktop/android-studio-panda1-patch1-linux/android-studio/jbr/lib/libmanagement.so
Event: 1.053 Loaded shared library /home/evangelos-angelousis/Desktop/android-studio-panda1-patch1-linux/android-studio/jbr/lib/libmanagement_ext.so
Event: 1.134 Loaded shared library /home/evangelos-angelousis/Desktop/android-studio-panda1-patch1-linux/android-studio/jbr/lib/libextnet.so
Event: 26.715 Loaded shared library /home/evangelos-angelousis/Desktop/android-studio-panda1-patch1-linux/android-studio/jbr/lib/libawt.so
Event: 26.718 Loaded shared library /home/evangelos-angelousis/Desktop/android-studio-panda1-patch1-linux/android-studio/jbr/lib/libawt_headless.so

Deoptimization events (20 events):
Event: 319.544 Thread 0x00007bd1a80028e0 Uncommon trap: trap_request=0xffffffbe fr.pc=0x00007bd29a067304 relative=0x0000000000001144
Event: 319.544 Thread 0x00007bd1a80028e0 Uncommon trap: reason=profile_predicate action=maybe_recompile pc=0x00007bd29a067304 method=java.io.ObjectStreamClass$FieldReflector.getPrimFieldValues(Ljava/lang/Object;[B)V @ 19 c2
Event: 319.544 Thread 0x00007bd1a80028e0 DEOPT PACKING pc=0x00007bd29a067304 sp=0x00007bd177cfd510
Event: 319.544 Thread 0x00007bd1a80028e0 DEOPT UNPACKING pc=0x00007bd29938af99 sp=0x00007bd177cfd3c0 mode 2
Event: 319.544 Thread 0x00007bd1a80028e0 Uncommon trap: trap_request=0xffffffbe fr.pc=0x00007bd29a067304 relative=0x0000000000001144
Event: 319.544 Thread 0x00007bd1a80028e0 Uncommon trap: reason=profile_predicate action=maybe_recompile pc=0x00007bd29a067304 method=java.io.ObjectStreamClass$FieldReflector.getPrimFieldValues(Ljava/lang/Object;[B)V @ 19 c2
Event: 319.544 Thread 0x00007bd1a80028e0 DEOPT PACKING pc=0x00007bd29a067304 sp=0x00007bd177cfd100
Event: 319.544 Thread 0x00007bd1a80028e0 DEOPT UNPACKING pc=0x00007bd29938af99 sp=0x00007bd177cfcfb0 mode 2
Event: 319.544 Thread 0x00007bd1a80028e0 Uncommon trap: trap_request=0xffffffbe fr.pc=0x00007bd29a067304 relative=0x0000000000001144
Event: 319.544 Thread 0x00007bd1a80028e0 Uncommon trap: reason=profile_predicate action=maybe_recompile pc=0x00007bd29a067304 method=java.io.ObjectStreamClass$FieldReflector.getPrimFieldValues(Ljava/lang/Object;[B)V @ 19 c2
Event: 319.544 Thread 0x00007bd1a80028e0 DEOPT PACKING pc=0x00007bd29a067304 sp=0x00007bd177cfccf0
Event: 319.544 Thread 0x00007bd1a80028e0 DEOPT UNPACKING pc=0x00007bd29938af99 sp=0x00007bd177cfcba0 mode 2
Event: 472.901 Thread 0x00007bd1a8004de0 Uncommon trap: trap_request=0xffffffde fr.pc=0x00007bd29a7ef46c relative=0x000000000000066c
Event: 472.901 Thread 0x00007bd1a8004de0 Uncommon trap: reason=class_check action=maybe_recompile pc=0x00007bd29a7ef46c method=org.gradle.internal.serialize.BaseSerializerFactory$StringSerializer.read(Lorg/gradle/internal/serialize/Decoder;)Ljava/lang/String; @ 1 c2
Event: 472.901 Thread 0x00007bd1a8004de0 DEOPT PACKING pc=0x00007bd29a7ef46c sp=0x00007bd2334fe080
Event: 472.901 Thread 0x00007bd1a8004de0 DEOPT UNPACKING pc=0x00007bd29938af99 sp=0x00007bd2334fdff8 mode 2
Event: 472.901 Thread 0x00007bd1a8004de0 Uncommon trap: trap_request=0xffffffde fr.pc=0x00007bd29a7ef46c relative=0x000000000000066c
Event: 472.901 Thread 0x00007bd1a8004de0 Uncommon trap: reason=class_check action=maybe_recompile pc=0x00007bd29a7ef46c method=org.gradle.internal.serialize.BaseSerializerFactory$StringSerializer.read(Lorg/gradle/internal/serialize/Decoder;)Ljava/lang/String; @ 1 c2
Event: 472.901 Thread 0x00007bd1a8004de0 DEOPT PACKING pc=0x00007bd29a7ef46c sp=0x00007bd2334fe080
Event: 472.901 Thread 0x00007bd1a8004de0 DEOPT UNPACKING pc=0x00007bd29938af99 sp=0x00007bd2334fdff8 mode 2

Classes loaded (20 events):
Event: 259.457 Loading class sun/security/ssl/Alert$AlertConsumer
Event: 259.458 Loading class sun/security/ssl/Alert$AlertConsumer done
Event: 259.458 Loading class sun/security/ssl/Alert$Level
Event: 259.458 Loading class sun/security/ssl/Alert$Level done
Event: 316.942 Loading class java/lang/invoke/SerializedLambda$1
Event: 316.942 Loading class java/lang/invoke/SerializedLambda$1 done
Event: 317.292 Loading class java/nio/BufferMismatch
Event: 317.293 Loading class java/nio/BufferMismatch done
Event: 317.642 Loading class java/util/zip/ZipOutputStream
Event: 317.643 Loading class java/util/zip/ZipOutputStream done
Event: 317.643 Loading class java/util/zip/ZipOutputStream$XEntry
Event: 317.643 Loading class java/util/zip/ZipOutputStream$XEntry done
Event: 318.311 Loading class java/time/temporal/TemporalAdjusters
Event: 318.312 Loading class java/time/temporal/TemporalAdjusters done
Event: 318.778 Loading class jdk/internal/vm/annotation/ForceInline
Event: 318.778 Loading class jdk/internal/vm/annotation/ForceInline done
Event: 318.985 Loading class java/nio/file/DirectoryIteratorException
Event: 318.985 Loading class java/nio/file/DirectoryIteratorException done
Event: 318.988 Loading class java/util/regex/PatternSyntaxException
Event: 318.989 Loading class java/util/regex/PatternSyntaxException done

Classes unloaded (20 events):
Event: 259.430 Thread 0x00007bd2a4157af0 Unloading class 0x00000008021f5648 'com/squareup/kotlinpoet/TypeName'
Event: 259.430 Thread 0x00007bd2a4157af0 Unloading class 0x00000008021f5418 'com/squareup/kotlinpoet/Annotatable'
Event: 259.430 Thread 0x00007bd2a4157af0 Unloading class 0x00000008021f51e8 'com/squareup/kotlinpoet/Taggable'
Event: 259.430 Thread 0x00007bd2a4157af0 Unloading class 0x00000008021f4fa8 'de/jensklingenberg/ktorfit/model/KtorfitClass'
Event: 259.430 Thread 0x00007bd2a4157af0 Unloading class 0x00000008021f4d70 'de/jensklingenberg/ktorfit/model/KtorfitClassKt'
Event: 259.430 Thread 0x00007bd2a4157af0 Unloading class 0x00000008021f4b38 'de/jensklingenberg/ktorfit/model/ClassDataKt'
Event: 259.430 Thread 0x00007bd2a4157af0 Unloading class 0x00000008021f48c0 'de/jensklingenberg/ktorfit/KtorfitLogger'
Event: 259.430 Thread 0x00007bd2a4157af0 Unloading class 0x00000008021f4690 'de/jensklingenberg/ktorfit/http/HTTP'
Event: 259.430 Thread 0x00007bd2a4157af0 Unloading class 0x00000008021f4460 'de/jensklingenberg/ktorfit/http/PATCH'
Event: 259.430 Thread 0x00007bd2a4157af0 Unloading class 0x00000008021f4230 'de/jensklingenberg/ktorfit/http/OPTIONS'
Event: 259.430 Thread 0x00007bd2a4157af0 Unloading class 0x00000008021f4000 'de/jensklingenberg/ktorfit/http/HEAD'
Event: 259.430 Thread 0x00007bd2a4157af0 Unloading class 0x0000000802064d78 'de/jensklingenberg/ktorfit/http/DELETE'
Event: 259.430 Thread 0x00007bd2a4157af0 Unloading class 0x0000000802064b48 'de/jensklingenberg/ktorfit/http/PUT'
Event: 259.430 Thread 0x00007bd2a4157af0 Unloading class 0x0000000802064918 'de/jensklingenberg/ktorfit/http/POST'
Event: 259.430 Thread 0x00007bd2a4157af0 Unloading class 0x00000008020646e8 'de/jensklingenberg/ktorfit/http/GET'
Event: 259.430 Thread 0x00007bd2a4157af0 Unloading class 0x00000008020644b0 'de/jensklingenberg/ktorfit/KtorfitOptions'
Event: 259.430 Thread 0x00007bd2a4157af0 Unloading class 0x0000000802064278 'de/jensklingenberg/ktorfit/KtorfitProcessor$Companion'
Event: 259.430 Thread 0x00007bd2a4157af0 Unloading class 0x0000000802064000 'de/jensklingenberg/ktorfit/KtorfitProcessor'
Event: 259.430 Thread 0x00007bd2a4157af0 Unloading class 0x0000000801ba4400 'de/jensklingenberg/ktorfit/KtorfitProcessorProvider'
Event: 259.430 Thread 0x00007bd2a4157af0 Unloading class 0x0000000801818800 'java/lang/invoke/LambdaForm$MH+0x0000000801818800'

Classes redefined (0 events):
No events

Internal exceptions (20 events):
Event: 401.250 Thread 0x00007bd2a55cc360 Exception <a 'sun/nio/fs/UnixException'{0x000000070f474e08}> (0x000000070f474e08) 
thrown [src/hotspot/share/prims/jni.cpp, line 537]
Event: 401.251 Thread 0x00007bd2a55cc360 Exception <a 'sun/nio/fs/UnixException'{0x000000070f4a91d8}> (0x000000070f4a91d8) 
thrown [src/hotspot/share/prims/jni.cpp, line 537]
Event: 411.250 Thread 0x00007bd2a55cc360 Exception <a 'sun/nio/fs/UnixException'{0x000000070f4b1bd0}> (0x000000070f4b1bd0) 
thrown [src/hotspot/share/prims/jni.cpp, line 537]
Event: 411.250 Thread 0x00007bd2a55cc360 Exception <a 'sun/nio/fs/UnixException'{0x000000070f4e4760}> (0x000000070f4e4760) 
thrown [src/hotspot/share/prims/jni.cpp, line 537]
Event: 421.250 Thread 0x00007bd2a55cc360 Exception <a 'sun/nio/fs/UnixException'{0x000000070f4ed150}> (0x000000070f4ed150) 
thrown [src/hotspot/share/prims/jni.cpp, line 537]
Event: 421.251 Thread 0x00007bd2a55cc360 Exception <a 'sun/nio/fs/UnixException'{0x000000070f521470}> (0x000000070f521470) 
thrown [src/hotspot/share/prims/jni.cpp, line 537]
Event: 431.251 Thread 0x00007bd2a55cc360 Exception <a 'sun/nio/fs/UnixException'{0x000000070f529e78}> (0x000000070f529e78) 
thrown [src/hotspot/share/prims/jni.cpp, line 537]
Event: 431.251 Thread 0x00007bd2a55cc360 Exception <a 'sun/nio/fs/UnixException'{0x000000070f55d1f0}> (0x000000070f55d1f0) 
thrown [src/hotspot/share/prims/jni.cpp, line 537]
Event: 441.250 Thread 0x00007bd2a55cc360 Exception <a 'sun/nio/fs/UnixException'{0x000000070f565be0}> (0x000000070f565be0) 
thrown [src/hotspot/share/prims/jni.cpp, line 537]
Event: 441.250 Thread 0x00007bd2a55cc360 Exception <a 'sun/nio/fs/UnixException'{0x000000070f599fd8}> (0x000000070f599fd8) 
thrown [src/hotspot/share/prims/jni.cpp, line 537]
Event: 451.250 Thread 0x00007bd2a55cc360 Exception <a 'sun/nio/fs/UnixException'{0x000000070f5a29e8}> (0x000000070f5a29e8) 
thrown [src/hotspot/share/prims/jni.cpp, line 537]
Event: 451.251 Thread 0x00007bd2a55cc360 Exception <a 'sun/nio/fs/UnixException'{0x000000070f5ead08}> (0x000000070f5ead08) 
thrown [src/hotspot/share/prims/jni.cpp, line 537]
Event: 461.250 Thread 0x00007bd2a55cc360 Exception <a 'sun/nio/fs/UnixException'{0x000000070f5f3728}> (0x000000070f5f3728) 
thrown [src/hotspot/share/prims/jni.cpp, line 537]
Event: 461.251 Thread 0x00007bd2a55cc360 Exception <a 'sun/nio/fs/UnixException'{0x000000070f2273b8}> (0x000000070f2273b8) 
thrown [src/hotspot/share/prims/jni.cpp, line 537]
Event: 471.250 Thread 0x00007bd2a55cc360 Exception <a 'sun/nio/fs/UnixException'{0x000000070f22fdb0}> (0x000000070f22fdb0) 
thrown [src/hotspot/share/prims/jni.cpp, line 537]
Event: 471.251 Thread 0x00007bd2a55cc360 Exception <a 'sun/nio/fs/UnixException'{0x000000070f264160}> (0x000000070f264160) 
thrown [src/hotspot/share/prims/jni.cpp, line 537]
Event: 472.902 Thread 0x00007bd21c01c300 Exception <a 'sun/nio/fs/UnixException'{0x000000070f2bcca0}> (0x000000070f2bcca0) 
thrown [src/hotspot/share/prims/jni.cpp, line 537]
Event: 472.909 Thread 0x00007bd1a8000fb0 Exception <a 'sun/nio/fs/UnixException'{0x000000070f3dee30}> (0x000000070f3dee30) 
thrown [src/hotspot/share/prims/jni.cpp, line 537]
Event: 472.910 Thread 0x00007bd1a8000fb0 Exception <a 'sun/nio/fs/UnixException'{0x000000070ec0b5a8}> (0x000000070ec0b5a8) 
thrown [src/hotspot/share/prims/jni.cpp, line 537]
Event: 472.916 Thread 0x00007bd1a8000fb0 Exception <a 'sun/nio/fs/UnixException'{0x000000070edcf8e0}> (0x000000070edcf8e0) 
thrown [src/hotspot/share/prims/jni.cpp, line 537]

ZGC Phase Switch (0 events):
No events

VM Operations (20 events):
Event: 320.543 Executing safepoint VM operation: Cleanup done
Event: 321.543 Executing safepoint VM operation: Cleanup
Event: 321.543 Executing safepoint VM operation: Cleanup done
Event: 341.548 Executing safepoint VM operation: Cleanup
Event: 341.548 Executing safepoint VM operation: Cleanup done
Event: 351.550 Executing safepoint VM operation: Cleanup
Event: 351.550 Executing safepoint VM operation: Cleanup done
Event: 360.357 Executing non-safepoint VM operation: HandshakeAllThreads (HandshakeForDeflation)
Event: 360.357 Executing non-safepoint VM operation: HandshakeAllThreads (HandshakeForDeflation) done
Event: 360.357 Executing non-safepoint VM operation: RendezvousGCThreads
Event: 360.357 Executing non-safepoint VM operation: RendezvousGCThreads done
Event: 365.357 Executing safepoint VM operation: Cleanup
Event: 365.357 Executing safepoint VM operation: Cleanup done
Event: 379.360 Executing safepoint VM operation: Cleanup
Event: 379.360 Executing safepoint VM operation: Cleanup done
Event: 380.361 Executing safepoint VM operation: Cleanup
Event: 380.361 Executing safepoint VM operation: Cleanup done
Event: 441.374 Executing safepoint VM operation: Cleanup
Event: 441.374 Executing safepoint VM operation: Cleanup done
Event: 472.916 Executing safepoint VM operation: G1CollectForAllocation (G1 Evacuation Pause)

Memory protections (20 events):
Event: 317.198 Protecting memory [0x00007bd174f00000,0x00007bd174f04000] with protection modes 0
Event: 317.198 Protecting memory [0x00007bd174e00000,0x00007bd174e04000] with protection modes 0
Event: 318.799 Protecting memory [0x00007bd171900000,0x00007bd171904000] with protection modes 0
Event: 318.958 Protecting memory [0x00007bd171700000,0x00007bd171704000] with protection modes 0
Event: 319.024 Protecting memory [0x00007bd171600000,0x00007bd171604000] with protection modes 0
Event: 319.093 Protecting memory [0x00007bd171500000,0x00007bd171504000] with protection modes 0
Event: 319.500 Protecting memory [0x00007bd232184000,0x00007bd232188000] with protection modes 0
Event: 319.541 Protecting memory [0x00007bd175a00000,0x00007bd175a04000] with protection modes 0
Event: 319.562 Protecting memory [0x00007bd233400000,0x00007bd233404000] with protection modes 0
Event: 472.893 Protecting memory [0x00007bd233300000,0x00007bd233304000] with protection modes 0
Event: 472.894 Protecting memory [0x00007bd233400000,0x00007bd233404000] with protection modes 0
Event: 472.902 Protecting memory [0x00007bd177c00000,0x00007bd177c04000] with protection modes 0
Event: 472.903 Protecting memory [0x00007bd176100000,0x00007bd176104000] with protection modes 0
Event: 472.904 Protecting memory [0x00007bd171600000,0x00007bd171604000] with protection modes 0
Event: 472.904 Protecting memory [0x00007bd171700000,0x00007bd171704000] with protection modes 0
Event: 472.904 Protecting memory [0x00007bd171500000,0x00007bd171504000] with protection modes 0
Event: 472.909 Protecting memory [0x00007bd231c84000,0x00007bd231c88000] with protection modes 0
Event: 472.910 Protecting memory [0x00007bd233700000,0x00007bd233704000] with protection modes 0
Event: 472.915 Protecting memory [0x00007bd175d00000,0x00007bd175d04000] with protection modes 0
Event: 472.916 Protecting memory [0x00007bd177d00000,0x00007bd177d04000] with protection modes 0

Nmethod flushes (20 events):
Event: 259.450 Thread 0x00007bd2a4157af0 flushing  nmethod 0x00007bd294e49d10
Event: 259.450 Thread 0x00007bd2a4157af0 flushing  nmethod 0x00007bd294eaf890
Event: 259.450 Thread 0x00007bd2a4157af0 flushing  nmethod 0x00007bd294eb0790
Event: 259.450 Thread 0x00007bd2a4157af0 flushing  nmethod 0x00007bd294eb8390
Event: 259.450 Thread 0x00007bd2a4157af0 flushing  nmethod 0x00007bd294f7f190
Event: 259.450 Thread 0x00007bd2a4157af0 flushing  nmethod 0x00007bd295071e10
Event: 259.450 Thread 0x00007bd2a4157af0 flushing  nmethod 0x00007bd2950cf910
Event: 259.450 Thread 0x00007bd2a4157af0 flushing  nmethod 0x00007bd295144990
Event: 259.450 Thread 0x00007bd2a4157af0 flushing  nmethod 0x00007bd295144f90
Event: 259.450 Thread 0x00007bd2a4157af0 flushing  nmethod 0x00007bd295147710
Event: 259.450 Thread 0x00007bd2a4157af0 flushing  nmethod 0x00007bd295194310
Event: 259.450 Thread 0x00007bd2a4157af0 flushing  nmethod 0x00007bd295197f90
Event: 259.450 Thread 0x00007bd2a4157af0 flushing  nmethod 0x00007bd2952cae90
Event: 259.450 Thread 0x00007bd2a4157af0 flushing  nmethod 0x00007bd295311f10
Event: 259.450 Thread 0x00007bd2a4157af0 flushing  nmethod 0x00007bd2954aa990
Event: 259.450 Thread 0x00007bd2a4157af0 flushing  nmethod 0x00007bd2956d9e90
Event: 259.450 Thread 0x00007bd2a4157af0 flushing  nmethod 0x00007bd29570d190
Event: 259.450 Thread 0x00007bd2a4157af0 flushing  nmethod 0x00007bd29570ed90
Event: 259.450 Thread 0x00007bd2a4157af0 flushing  nmethod 0x00007bd29570f090
Event: 259.450 Thread 0x00007bd2a4157af0 flushing  nmethod 0x00007bd295799810

Events (20 events):
Event: 319.563 Thread 0x00007bd1a8000fb0 Thread exited: 0x00007bd1a8000fb0
Event: 319.601 Thread 0x00007bd1a8004de0 Thread exited: 0x00007bd1a8004de0
Event: 328.048 Thread 0x00007bd24800adb0 Thread exited: 0x00007bd24800adb0
Event: 336.619 Thread 0x00007bd2400602c0 Thread exited: 0x00007bd2400602c0
Event: 345.190 Thread 0x00007bd23d24b130 Thread exited: 0x00007bd23d24b130
Event: 379.496 Thread 0x00007bd20c694bc0 Thread exited: 0x00007bd20c694bc0
Event: 379.560 Thread 0x00007bd1a80028e0 Thread exited: 0x00007bd1a80028e0
Event: 379.571 Thread 0x00007bd1a852d1b0 Thread exited: 0x00007bd1a852d1b0
Event: 379.602 Thread 0x00007bd21c01c300 Thread exited: 0x00007bd21c01c300
Event: 472.893 Thread 0x00007bd2a558ef60 Thread added: 0x00007bd21c01c300
Event: 472.894 Thread 0x00007bd21c01c300 Thread added: 0x00007bd1a8004de0
Event: 472.902 Thread 0x00007bd21c01c300 Thread added: 0x00007bd1a80059e0
Event: 472.903 Thread 0x00007bd21c01c300 Thread added: 0x00007bd1a8000fb0
Event: 472.904 Thread 0x00007bd1a8000fb0 Thread added: 0x00007bd23c812b10
Event: 472.904 Thread 0x00007bd1a8000fb0 Thread added: 0x00007bd23c22d050
Event: 472.904 Thread 0x00007bd1a8000fb0 Thread added: 0x00007bd23c000e80
Event: 472.909 Thread 0x00007bd1a8000fb0 Thread added: 0x00007bd23c975090
Event: 472.910 Thread 0x00007bd1a8000fb0 Thread added: 0x00007bd23c2a6410
Event: 472.915 Thread 0x00007bd2a4233710 Thread added: 0x00007bd2453aad10
Event: 472.916 Thread 0x00007bd1a8000fb0 Thread added: 0x00007bd23c0837d0


Dynamic libraries:
700000000-71a000000 rw-p 00000000 00:00 0 
71a000000-7fda00000 ---p 00000000 00:00 0 
7fda00000-800040000 rw-p 00000000 00:00 0 
800040000-8000c0000 rw-p 00000000 00:00 0 
8000c0000-800100000 rw-p 00000000 00:00 0 
800100000-800180000 rw-p 00000000 00:00 0 
800180000-800240000 rw-p 00000000 00:00 0 
800240000-800280000 rw-p 00000000 00:00 0 
800280000-800640000 rw-p 00000000 00:00 0 
800640000-800680000 rw-p 00000000 00:00 0 
800680000-800d00000 rw-p 00000000 00:00 0 
800d00000-801440000 rw-p 00000000 00:00 0 
801440000-801480000 rw-p 00000000 00:00 0 
801480000-8019c0000 rw-p 00000000 00:00 0 
8019c0000-801a00000 rw-p 00000000 00:00 0 
801a00000-801b40000 rw-p 00000000 00:00 0 
801b40000-801bc0000 rw-p 00000000 00:00 0 
801bc0000-801c00000 rw-p 00000000 00:00 0 
801c00000-8024e0000 rw-p 00000000 00:00 0 
8024e0000-840000000 ---p 00000000 00:00 0 
5875506b0000-5875506b1000 r--p 00000000 08:12 6586219                    /home/evangelos-angelousis/Desktop/android-studio-panda1-patch1-linux/android-studio/jbr/bin/java
5875506b1000-5875506b2000 r-xp 00000000 08:12 6586219                    /home/evangelos-angelousis/Desktop/android-studio-panda1-patch1-linux/android-studio/jbr/bin/java
5875506b2000-5875506b4000 r--p 00000000 08:12 6586219                    /home/evangelos-angelousis/Desktop/android-studio-panda1-patch1-linux/android-studio/jbr/bin/java
5875506b4000-5875506b5000 rw-p 00001000 08:12 6586219                    /home/evangelos-angelousis/Desktop/android-studio-panda1-patch1-linux/android-studio/jbr/bin/java
58756d20e000-58756d254000 rw-p 00000000 00:00 0                          [heap]
7bd16d000000-7bd16dd00000 rw-p 00000000 00:00 0 
7bd16dd00000-7bd16de00000 rw-p 00000000 00:00 0 
7bd16de00000-7bd16ffc0000 rw-p 00000000 00:00 0 
7bd16ffc0000-7bd170000000 rw-p 00000000 00:00 0 
7bd170000000-7bd170180000 rw-p 00000000 00:00 0 
7bd170180000-7bd170200000 rw-p 00000000 00:00 0 
7bd170200000-7bd170500000 rw-p 00000000 00:00 0 
7bd170500000-7bd170510000 rw-p 00000000 00:00 0 
7bd170510000-7bd170600000 ---p 00000000 00:00 0 
7bd170600000-7bd1706e0000 rw-p 00000000 00:00 0 
7bd1706e0000-7bd171000000 ---p 00000000 00:00 0 
7bd171500000-7bd171504000 ---p 00000000 00:00 0 
7bd171504000-7bd171600000 rw-p 00000000 00:00 0 
7bd171600000-7bd171604000 ---p 00000000 00:00 0 
7bd171604000-7bd171700000 rw-p 00000000 00:00 0 
7bd171700000-7bd171704000 ---p 00000000 00:00 0 
7bd171704000-7bd171800000 rw-p 00000000 00:00 0 
7bd171800000-7bd171804000 ---p 00000000 00:00 0 
7bd171804000-7bd171900000 rw-p 00000000 00:00 0 
7bd171a00000-7bd171a04000 ---p 00000000 00:00 0 
7bd171a04000-7bd171b00000 rw-p 00000000 00:00 0 
7bd171b00000-7bd171b04000 ---p 00000000 00:00 0 
7bd171b04000-7bd171c00000 rw-p 00000000 00:00 0 
7bd171c00000-7bd174d80000 r--s 00000000 08:12 6586242                    /home/evangelos-angelousis/Desktop/android-studio-panda1-patch1-linux/android-studio/jbr/lib/modules
7bd175d00000-7bd175d04000 ---p 00000000 00:00 0 
7bd175d04000-7bd175e00000 rw-p 00000000 00:00 0 
7bd175f00000-7bd175f04000 ---p 00000000 00:00 0 
7bd175f04000-7bd176000000 rw-p 00000000 00:00 0 
7bd176100000-7bd176104000 ---p 00000000 00:00 0 
7bd176104000-7bd176200000 rw-p 00000000 00:00 0 
7bd176300000-7bd176304000 ---p 00000000 00:00 0 
7bd176304000-7bd176400000 rw-p 00000000 00:00 0 
7bd176400000-7bd176404000 ---p 00000000 00:00 0 
7bd176404000-7bd176500000 rw-p 00000000 00:00 0 
7bd176500000-7bd176504000 ---p 00000000 00:00 0 
7bd176504000-7bd176600000 rw-p 00000000 00:00 0 
7bd176600000-7bd176604000 ---p 00000000 00:00 0 
7bd176604000-7bd176700000 rw-p 00000000 00:00 0 
7bd176900000-7bd176904000 ---p 00000000 00:00 0 
7bd176904000-7bd176a00000 rw-p 00000000 00:00 0 
7bd176a00000-7bd176a04000 ---p 00000000 00:00 0 
7bd176a04000-7bd176b00000 rw-p 00000000 00:00 0 
7bd176e00000-7bd176e04000 ---p 00000000 00:00 0 
7bd176e04000-7bd176f00000 rw-p 00000000 00:00 0 
7bd177000000-7bd177004000 ---p 00000000 00:00 0 
7bd177004000-7bd177100000 rw-p 00000000 00:00 0 
7bd177300000-7bd177304000 ---p 00000000 00:00 0 
7bd177304000-7bd177400000 rw-p 00000000 00:00 0 
7bd177500000-7bd177504000 ---p 00000000 00:00 0 
7bd177504000-7bd177600000 rw-p 00000000 00:00 0 
7bd177700000-7bd177704000 ---p 00000000 00:00 0 
7bd177704000-7bd177800000 rw-p 00000000 00:00 0 
7bd177800000-7bd177804000 ---p 00000000 00:00 0 
7bd177804000-7bd177900000 rw-p 00000000 00:00 0 
7bd177b00000-7bd177b04000 ---p 00000000 00:00 0 
7bd177b04000-7bd177c00000 rw-p 00000000 00:00 0 
7bd177c00000-7bd177c04000 ---p 00000000 00:00 0 
7bd177c04000-7bd177d00000 rw-p 00000000 00:00 0 
7bd177d00000-7bd177d04000 ---p 00000000 00:00 0 
7bd177d04000-7bd177e00000 rw-p 00000000 00:00 0 
7bd177e00000-7bd177e04000 ---p 00000000 00:00 0 
7bd177e04000-7bd177f00000 rw-p 00000000 00:00 0 
7bd178000000-7bd178300000 rw-p 00000000 00:00 0 
7bd178300000-7bd178400000 rw-p 00000000 00:00 0 
7bd178400000-7bd178820000 rw-p 00000000 00:00 0 
7bd178820000-7bd17a100000 rw-p 00000000 00:00 0 
7bd17a100000-7bd17a300000 rw-p 00000000 00:00 0 
7bd17a300000-7bd17a400000 rw-p 00000000 00:00 0 
7bd17a400000-7bd17a5c0000 rw-p 00000000 00:00 0 
7bd17a5c0000-7bd17ad00000 rw-p 00000000 00:00 0 
7bd17ad00000-7bd17ad80000 rw-p 00000000 00:00 0 
7bd17ad80000-7bd17ae00000 rw-p 00000000 00:00 0 
7bd17ae00000-7bd17aec0000 rw-p 00000000 00:00 0 
7bd17aec0000-7bd17af00000 rw-p 00000000 00:00 0 
7bd17af00000-7bd17b100000 rw-p 00000000 00:00 0 
7bd17b100000-7bd17b200000 rw-p 00000000 00:00 0 
7bd17b200000-7bd17bbe0000 rw-p 00000000 00:00 0 
7bd17bbe0000-7bd17c000000 rw-p 00000000 00:00 0 
7bd17c000000-7bd17de11000 rw-p 00000000 00:00 0 
7bd17de11000-7bd180000000 ---p 00000000 00:00 0 
7bd180000000-7bd180500000 rw-p 00000000 00:00 0 
7bd180500000-7bd180600000 rw-p 00000000 00:00 0 
7bd180600000-7bd183300000 rw-p 00000000 00:00 0 
7bd183300000-7bd183400000 rw-p 00000000 00:00 0 
7bd183400000-7bd183900000 rw-p 00000000 00:00 0 
7bd183900000-7bd184000000 rw-p 00000000 00:00 0 
7bd184000000-7bd18403b000 rw-p 00000000 00:00 0 
7bd18403b000-7bd188004000 ---p 00000000 00:00 0 
7bd188004000-7bd188100000 rw-p 00000000 00:00 0 
7bd188500000-7bd188504000 ---p 00000000 00:00 0 
7bd188504000-7bd188600000 rw-p 00000000 00:00 0 
7bd188e00000-7bd18bf80000 r--s 00000000 08:12 6586242                    /home/evangelos-angelousis/Desktop/android-studio-panda1-patch1-linux/android-studio/jbr/lib/modules
7bd18c000000-7bd18c030000 rw-p 00000000 00:00 0 
7bd18c030000-7bd190000000 ---p 00000000 00:00 0 
7bd190000000-7bd190025000 rw-p 00000000 00:00 0 
7bd190025000-7bd194000000 ---p 00000000 00:00 0 
7bd194000000-7bd194079000 rw-p 00000000 00:00 0 
7bd194079000-7bd198000000 ---p 00000000 00:00 0 
7bd198000000-7bd198025000 rw-p 00000000 00:00 0 
7bd198025000-7bd19c000000 ---p 00000000 00:00 0 
7bd19c000000-7bd19c13e000 rw-p 00000000 00:00 0 
7bd19c13e000-7bd1a0000000 ---p 00000000 00:00 0 
7bd1a0000000-7bd1a002b000 rw-p 00000000 00:00 0 
7bd1a002b000-7bd1a4000000 ---p 00000000 00:00 0 
7bd1a4000000-7bd1a4021000 rw-p 00000000 00:00 0 
7bd1a4021000-7bd1a8000000 ---p 00000000 00:00 0 
7bd1a8000000-7bd1a899f000 rw-p 00000000 00:00 0 
7bd1a899f000-7bd1ac000000 ---p 00000000 00:00 0 
7bd1ac000000-7bd1ac021000 rw-p 00000000 00:00 0 
7bd1ac021000-7bd1b0000000 ---p 00000000 00:00 0 
7bd1b0000000-7bd1b0021000 rw-p 00000000 00:00 0 
7bd1b0021000-7bd1b4000000 ---p 00000000 00:00 0 
7bd1b4000000-7bd1b4021000 rw-p 00000000 00:00 0 
7bd1b4021000-7bd1b8000000 ---p 00000000 00:00 0 
7bd1b8000000-7bd1b8fab000 rw-p 00000000 00:00 0 
7bd1b8fab000-7bd1bc000000 ---p 00000000 00:00 0 
7bd1bc000000-7bd1bc021000 rw-p 00000000 00:00 0 
7bd1bc021000-7bd1c0000000 ---p 00000000 00:00 0 
7bd1c0000000-7bd1c0021000 rw-p 00000000 00:00 0 
7bd1c0021000-7bd1c4000000 ---p 00000000 00:00 0 
7bd1c4000000-7bd1c4053000 rw-p 00000000 00:00 0 
7bd1c4053000-7bd1c8000000 ---p 00000000 00:00 0 
7bd1c8000000-7bd1c92ef000 rw-p 00000000 00:00 0 
7bd1c92ef000-7bd1cc000000 ---p 00000000 00:00 0 
7bd1cc000000-7bd1ccc05000 rw-p 00000000 00:00 0 
7bd1ccc05000-7bd1d0000000 ---p 00000000 00:00 0 
7bd1d0000000-7bd1d0447000 rw-p 00000000 00:00 0 
7bd1d0447000-7bd1d4000000 ---p 00000000 00:00 0 
7bd1d4000000-7bd1d4021000 rw-p 00000000 00:00 0 
7bd1d4021000-7bd1d8000000 ---p 00000000 00:00 0 
7bd1d8000000-7bd1d8027000 rw-p 00000000 00:00 0 
7bd1d8027000-7bd1dc000000 ---p 00000000 00:00 0 
7bd1dc000000-7bd1dc021000 rw-p 00000000 00:00 0 
7bd1dc021000-7bd1e0000000 ---p 00000000 00:00 0 
7bd1e0000000-7bd1e069e000 rw-p 00000000 00:00 0 
7bd1e069e000-7bd1e4000000 ---p 00000000 00:00 0 
7bd1e4000000-7bd1e4021000 rw-p 00000000 00:00 0 
7bd1e4021000-7bd1e8000000 ---p 00000000 00:00 0 
7bd1e8000000-7bd1e8034000 rw-p 00000000 00:00 0 
7bd1e8034000-7bd1ec000000 ---p 00000000 00:00 0 
7bd1ec000000-7bd1ec0b8000 rw-p 00000000 00:00 0 
7bd1ec0b8000-7bd1f0000000 ---p 00000000 00:00 0 
7bd1f0000000-7bd1f0027000 rw-p 00000000 00:00 0 
7bd1f0027000-7bd1f4000000 ---p 00000000 00:00 0 
7bd1f4000000-7bd1f4285000 rw-p 00000000 00:00 0 
7bd1f4285000-7bd1f8000000 ---p 00000000 00:00 0 
7bd1f8000000-7bd1f814c000 rw-p 00000000 00:00 0 
7bd1f814c000-7bd1fc000000 ---p 00000000 00:00 0 
7bd1fc000000-7bd1fca8c000 rw-p 00000000 00:00 0 
7bd1fca8c000-7bd200000000 ---p 00000000 00:00 0 
7bd200000000-7bd200bd6000 rw-p 00000000 00:00 0 
7bd200bd6000-7bd204000000 ---p 00000000 00:00 0 
7bd204000000-7bd20442a000 rw-p 00000000 00:00 0 
7bd20442a000-7bd208000000 ---p 00000000 00:00 0 
7bd208000000-7bd208021000 rw-p 00000000 00:00 0 
7bd208021000-7bd20c000000 ---p 00000000 00:00 0 
7bd20c000000-7bd20c6a3000 rw-p 00000000 00:00 0 
7bd20c6a3000-7bd210000000 ---p 00000000 00:00 0 
7bd210000000-7bd213ff8000 rw-p 00000000 00:00 0 
7bd213ff8000-7bd214000000 ---p 00000000 00:00 0 
7bd214000000-7bd214b45000 rw-p 00000000 00:00 0 
7bd214b45000-7bd218000000 ---p 00000000 00:00 0 
7bd218000000-7bd218b6f000 rw-p 00000000 00:00 0 
7bd218b6f000-7bd21c000000 ---p 00000000 00:00 0 
7bd21c000000-7bd21c959000 rw-p 00000000 00:00 0 
7bd21c959000-7bd220000000 ---p 00000000 00:00 0 
7bd220000000-7bd2201d0000 rw-p 00000000 00:00 0 
7bd2201d0000-7bd224000000 ---p 00000000 00:00 0 
7bd224000000-7bd2244ef000 rw-p 00000000 00:00 0 
7bd2244ef000-7bd228000000 ---p 00000000 00:00 0 
7bd228000000-7bd2284cd000 rw-p 00000000 00:00 0 
7bd2284cd000-7bd22c000000 ---p 00000000 00:00 0 
7bd22c000000-7bd22c072000 rw-p 00000000 00:00 0 
7bd22c072000-7bd230000000 ---p 00000000 00:00 0 
7bd230084000-7bd230088000 ---p 00000000 00:00 0 
7bd230088000-7bd230184000 rw-p 00000000 00:00 0 
7bd230184000-7bd230188000 ---p 00000000 00:00 0 
7bd230188000-7bd230284000 rw-p 00000000 00:00 0 
7bd230284000-7bd230288000 ---p 00000000 00:00 0 
7bd230288000-7bd230384000 rw-p 00000000 00:00 0 
7bd230484000-7bd230488000 ---p 00000000 00:00 0 
7bd230488000-7bd230584000 rw-p 00000000 00:00 0 
7bd230884000-7bd230888000 ---p 00000000 00:00 0 
7bd230888000-7bd230984000 rw-p 00000000 00:00 0 
7bd230a84000-7bd230a88000 ---p 00000000 00:00 0 
7bd230a88000-7bd230b84000 rw-p 00000000 00:00 0 
7bd230c84000-7bd230c88000 ---p 00000000 00:00 0 
7bd230c88000-7bd230d84000 rw-p 00000000 00:00 0 
7bd231384000-7bd231388000 ---p 00000000 00:00 0 
7bd231388000-7bd231484000 rw-p 00000000 00:00 0 
7bd231784000-7bd231788000 ---p 00000000 00:00 0 
7bd231788000-7bd231884000 rw-p 00000000 00:00 0 
7bd231884000-7bd231888000 ---p 00000000 00:00 0 
7bd231888000-7bd231984000 rw-p 00000000 00:00 0 
7bd231984000-7bd231988000 ---p 00000000 00:00 0 
7bd231988000-7bd231a84000 rw-p 00000000 00:00 0 
7bd231c84000-7bd231c88000 ---p 00000000 00:00 0 
7bd231c88000-7bd231d84000 rw-p 00000000 00:00 0 
7bd231d84000-7bd231d88000 ---p 00000000 00:00 0 
7bd231d88000-7bd231e84000 rw-p 00000000 00:00 0 
7bd231e84000-7bd231e88000 ---p 00000000 00:00 0 
7bd231e88000-7bd231f84000 rw-p 00000000 00:00 0 
7bd231f84000-7bd231f88000 ---p 00000000 00:00 0 
7bd231f88000-7bd232084000 rw-p 00000000 00:00 0 
7bd232284000-7bd232288000 ---p 00000000 00:00 0 
7bd232288000-7bd232384000 rw-p 00000000 00:00 0 
7bd232384000-7bd232388000 ---p 00000000 00:00 0 
7bd232388000-7bd232484000 rw-p 00000000 00:00 0 
7bd232584000-7bd232588000 ---p 00000000 00:00 0 
7bd232588000-7bd232684000 rw-p 00000000 00:00 0 
7bd2326c2000-7bd2326c7000 r--p 00000000 08:12 665908                     /usr/lib/x86_64-linux-gnu/libpng16.so.16.50.0
7bd2326c7000-7bd2326f1000 r-xp 00005000 08:12 665908                     /usr/lib/x86_64-linux-gnu/libpng16.so.16.50.0
7bd2326f1000-7bd2326fa000 r--p 0002f000 08:12 665908                     /usr/lib/x86_64-linux-gnu/libpng16.so.16.50.0
7bd2326fa000-7bd2326fb000 r--p 00037000 08:12 665908                     /usr/lib/x86_64-linux-gnu/libpng16.so.16.50.0
7bd2326fb000-7bd2326fc000 rw-p 00038000 08:12 665908                     /usr/lib/x86_64-linux-gnu/libpng16.so.16.50.0
7bd2326fc000-7bd232700000 ---p 00000000 00:00 0 
7bd232700000-7bd2327fc000 rw-p 00000000 00:00 0 
7bd2327fc000-7bd232800000 ---p 00000000 00:00 0 
7bd232800000-7bd2328fc000 rw-p 00000000 00:00 0 
7bd232afc000-7bd232b00000 ---p 00000000 00:00 0 
7bd232b00000-7bd232bfc000 rw-p 00000000 00:00 0 
7bd232bfc000-7bd232c00000 ---p 00000000 00:00 0 
7bd232c00000-7bd233100000 rw-p 00000000 00:00 0 
7bd233300000-7bd233304000 ---p 00000000 00:00 0 
7bd233304000-7bd233400000 rw-p 00000000 00:00 0 
7bd233400000-7bd233404000 ---p 00000000 00:00 0 
7bd233404000-7bd233500000 rw-p 00000000 00:00 0 
7bd233700000-7bd233704000 ---p 00000000 00:00 0 
7bd233704000-7bd233800000 rw-p 00000000 00:00 0 
7bd233800000-7bd233804000 ---p 00000000 00:00 0 
7bd233804000-7bd233900000 rw-p 00000000 00:00 0 
7bd233900000-7bd233904000 ---p 00000000 00:00 0 
7bd233904000-7bd233a00000 rw-p 00000000 00:00 0 
7bd233a00000-7bd233a05000 r-xp 00000000 08:12 6590316                    /home/evangelos-angelousis/.gradle/native/660c5614fbf4a5f2a75b1949f50a0caf5cd603558e7d8a26e50b933a0cfb79d1/linux-amd64/libnative-platform.so
7bd233a05000-7bd233c05000 ---p 00005000 08:12 6590316                    /home/evangelos-angelousis/.gradle/native/660c5614fbf4a5f2a75b1949f50a0caf5cd603558e7d8a26e50b933a0cfb79d1/linux-amd64/libnative-platform.so
7bd233c05000-7bd233c06000 r--p 00005000 08:12 6590316                    /home/evangelos-angelousis/.gradle/native/660c5614fbf4a5f2a75b1949f50a0caf5cd603558e7d8a26e50b933a0cfb79d1/linux-amd64/libnative-platform.so
7bd233c06000-7bd233c07000 rw-p 00006000 08:12 6590316                    /home/evangelos-angelousis/.gradle/native/660c5614fbf4a5f2a75b1949f50a0caf5cd603558e7d8a26e50b933a0cfb79d1/linux-amd64/libnative-platform.so
7bd233c2d000-7bd233c3a000 r--p 00000000 08:12 658195                     /usr/lib/x86_64-linux-gnu/libfreetype.so.6.20.2
7bd233c3a000-7bd233ccf000 r-xp 0000d000 08:12 658195                     /usr/lib/x86_64-linux-gnu/libfreetype.so.6.20.2
7bd233ccf000-7bd233cf5000 r--p 000a2000 08:12 658195                     /usr/lib/x86_64-linux-gnu/libfreetype.so.6.20.2
7bd233cf5000-7bd233cfd000 r--p 000c7000 08:12 658195                     /usr/lib/x86_64-linux-gnu/libfreetype.so.6.20.2
7bd233cfd000-7bd233cfe000 rw-p 000cf000 08:12 658195                     /usr/lib/x86_64-linux-gnu/libfreetype.so.6.20.2
7bd233cfe000-7bd233d02000 ---p 00000000 00:00 0 
7bd233d02000-7bd234000000 rw-p 00000000 00:00 0 
7bd234000000-7bd23442d000 rw-p 00000000 00:00 0 
7bd23442d000-7bd238000000 ---p 00000000 00:00 0 
7bd238000000-7bd238633000 rw-p 00000000 00:00 0 
7bd238633000-7bd23c000000 ---p 00000000 00:00 0 
7bd23c000000-7bd23d6ba000 rw-p 00000000 00:00 0 
7bd23d6ba000-7bd240000000 ---p 00000000 00:00 0 
7bd240000000-7bd24192a000 rw-p 00000000 00:00 0 
7bd24192a000-7bd244000000 ---p 00000000 00:00 0 
7bd244000000-7bd24541a000 rw-p 00000000 00:00 0 
7bd24541a000-7bd248000000 ---p 00000000 00:00 0 
7bd248000000-7bd248050000 rw-p 00000000 00:00 0 
7bd248050000-7bd24c000000 ---p 00000000 00:00 0 
7bd24c000000-7bd24c050000 rw-p 00000000 00:00 0 
7bd24c050000-7bd250000000 ---p 00000000 00:00 0 
7bd250000000-7bd252541000 rw-p 00000000 00:00 0 
7bd252541000-7bd254000000 ---p 00000000 00:00 0 
7bd254000000-7bd254050000 rw-p 00000000 00:00 0 
7bd254050000-7bd258000000 ---p 00000000 00:00 0 
7bd258000000-7bd2580b2000 rw-p 00000000 00:00 0 
7bd2580b2000-7bd25c000000 ---p 00000000 00:00 0 
7bd25c000000-7bd25c0a9000 rw-p 00000000 00:00 0 
7bd25c0a9000-7bd260000000 ---p 00000000 00:00 0 
7bd260000000-7bd260021000 rw-p 00000000 00:00 0 
7bd260021000-7bd264000000 ---p 00000000 00:00 0 
7bd264000000-7bd264198000 rw-p 00000000 00:00 0 
7bd264198000-7bd268000000 ---p 00000000 00:00 0 
7bd268000000-7bd26993b000 rw-p 00000000 00:00 0 
7bd26993b000-7bd26c000000 ---p 00000000 00:00 0 
7bd26c000000-7bd26c500000 rw-p 00000000 00:00 0 
7bd26c500000-7bd26c520000 rw-p 00000000 00:00 0 
7bd26c520000-7bd26c540000 rw-p 00000000 00:00 0 
7bd26c540000-7bd26c580000 rw-p 00000000 00:00 0 
7bd26c580000-7bd26c700000 rw-p 00000000 00:00 0 
7bd26c700000-7bd26c760000 rw-p 00000000 00:00 0 
7bd26c760000-7bd26c780000 rw-p 00000000 00:00 0 
7bd26c780000-7bd26c900000 rw-p 00000000 00:00 0 
7bd26c900000-7bd26cb00000 rw-p 00000000 00:00 0 
7bd26cb00000-7bd26cc00000 rw-p 00000000 00:00 0 
7bd26cc00000-7bd26cd00000 rw-p 00000000 00:00 0 
7bd26cd00000-7bd26cec0000 rw-p 00000000 00:00 0 
7bd26cec0000-7bd26cf00000 rw-p 00000000 00:00 0 
7bd26cf00000-7bd26d100000 rw-p 00000000 00:00 0 
7bd26d100000-7bd26d300000 rw-p 00000000 00:00 0 
7bd26d300000-7bd26e100000 rw-p 00000000 00:00 0 
7bd26e100000-7bd26e200000 rw-p 00000000 00:00 0 
7bd26e200000-7bd26e9c0000 rw-p 00000000 00:00 0 
7bd26e9c0000-7bd26ea00000 rw-p 00000000 00:00 0 
7bd26ea00000-7bd26ef00000 rw-p 00000000 00:00 0 
7bd26ef00000-7bd26f000000 rw-p 00000000 00:00 0 
7bd26f000000-7bd270000000 rw-p 00000000 00:00 0 
7bd270000000-7bd2700fa000 rw-p 00000000 00:00 0 
7bd2700fa000-7bd274000000 ---p 00000000 00:00 0 
7bd274000000-7bd27487b000 rw-p 00000000 00:00 0 
7bd27487b000-7bd278000000 ---p 00000000 00:00 0 
7bd278000000-7bd278021000 rw-p 00000000 00:00 0 
7bd278021000-7bd27c000000 ---p 00000000 00:00 0 
7bd27c02a000-7bd27c055000 r--p 00000000 08:12 6586240                    /home/evangelos-angelousis/Desktop/android-studio-panda1-patch1-linux/android-studio/jbr/lib/libawt.so
7bd27c055000-7bd27c0cc000 r-xp 0002a000 08:12 6586240                    /home/evangelos-angelousis/Desktop/android-studio-panda1-patch1-linux/android-studio/jbr/lib/libawt.so
7bd27c0cc000-7bd27c0ce000 r--p 000a0000 08:12 6586240                    /home/evangelos-angelousis/Desktop/android-studio-panda1-patch1-linux/android-studio/jbr/lib/libawt.so
7bd27c0ce000-7bd27c0d9000 rw-p 000a1000 08:12 6586240                    /home/evangelos-angelousis/Desktop/android-studio-panda1-patch1-linux/android-studio/jbr/lib/libawt.so
7bd27c0d9000-7bd27c0fe000 rw-p 00000000 00:00 0 
7bd27c0fe000-7bd27c300000 rw-p 00000000 00:00 0 
7bd27c300000-7bd27c304000 ---p 00000000 00:00 0 
7bd27c304000-7bd27c400000 rw-p 00000000 00:00 0 
7bd27c500000-7bd27c504000 ---p 00000000 00:00 0 
7bd27c504000-7bd27c600000 rw-p 00000000 00:00 0 
7bd27c600000-7bd27c604000 ---p 00000000 00:00 0 
7bd27c604000-7bd27c700000 rw-p 00000000 00:00 0 
7bd27c700000-7bd27c704000 ---p 00000000 00:00 0 
7bd27c704000-7bd27c800000 rw-p 00000000 00:00 0 
7bd27c800000-7bd27c804000 ---p 00000000 00:00 0 
7bd27c804000-7bd27c900000 rw-p 00000000 00:00 0 
7bd27c900000-7bd27c904000 ---p 00000000 00:00 0 
7bd27c904000-7bd27ca00000 rw-p 00000000 00:00 0 
7bd27ca00000-7bd27ca04000 ---p 00000000 00:00 0 
7bd27ca04000-7bd27cb00000 rw-p 00000000 00:00 0 
7bd27cb00000-7bd27cb04000 ---p 00000000 00:00 0 
7bd27cb04000-7bd27cc00000 rw-p 00000000 00:00 0 
7bd27cc00000-7bd27cc04000 ---p 00000000 00:00 0 
7bd27cc04000-7bd27cd00000 rw-p 00000000 00:00 0 
7bd27cd00000-7bd27cd04000 ---p 00000000 00:00 0 
7bd27cd04000-7bd27ce00000 rw-p 00000000 00:00 0 
7bd27ce00000-7bd27d376000 r--p 00000000 08:12 675052                     /usr/lib/locale/locale-archive
7bd27d38b000-7bd27d38c000 r--p 00000000 08:12 679515                     /usr/lib/x86_64-linux-gnu/libbrotlicommon.so.1.1.0
7bd27d38c000-7bd27d38d000 r-xp 00001000 08:12 679515                     /usr/lib/x86_64-linux-gnu/libbrotlicommon.so.1.1.0
7bd27d38d000-7bd27d3ac000 r--p 00002000 08:12 679515                     /usr/lib/x86_64-linux-gnu/libbrotlicommon.so.1.1.0
7bd27d3ac000-7bd27d3ad000 r--p 00021000 08:12 679515                     /usr/lib/x86_64-linux-gnu/libbrotlicommon.so.1.1.0
7bd27d3ad000-7bd27d3ae000 rw-p 00022000 08:12 679515                     /usr/lib/x86_64-linux-gnu/libbrotlicommon.so.1.1.0
7bd27d3ae000-7bd27d3b2000 r--p 00000000 08:12 679432                     /usr/lib/x86_64-linux-gnu/libexpat.so.1.10.2
7bd27d3b2000-7bd27d3d0000 r-xp 00004000 08:12 679432                     /usr/lib/x86_64-linux-gnu/libexpat.so.1.10.2
7bd27d3d0000-7bd27d3d8000 r--p 00022000 08:12 679432                     /usr/lib/x86_64-linux-gnu/libexpat.so.1.10.2
7bd27d3d8000-7bd27d3da000 r--p 0002a000 08:12 679432                     /usr/lib/x86_64-linux-gnu/libexpat.so.1.10.2
7bd27d3da000-7bd27d3db000 rw-p 0002c000 08:12 679432                     /usr/lib/x86_64-linux-gnu/libexpat.so.1.10.2
7bd27d3db000-7bd27d5dd000 rw-p 00000000 00:00 0 
7bd27d5dd000-7bd27d6f7000 rw-p 00000000 00:00 0 
7bd27d6f7000-7bd27d8f9000 rw-p 00000000 00:00 0 
7bd27d8f9000-7bd280021000 rw-p 00000000 00:00 0 
7bd280021000-7bd284000000 ---p 00000000 00:00 0 
7bd284000000-7bd2840aa000 rw-p 00000000 00:00 0 
7bd2840aa000-7bd288000000 ---p 00000000 00:00 0 
7bd288000000-7bd288131000 rw-p 00000000 00:00 0 
7bd288131000-7bd28c000000 ---p 00000000 00:00 0 
7bd28c00d000-7bd28c00e000 r--p 00000000 08:12 679523                     /usr/lib/x86_64-linux-gnu/libbrotlidec.so.1.1.0
7bd28c00e000-7bd28c016000 r-xp 00001000 08:12 679523                     /usr/lib/x86_64-linux-gnu/libbrotlidec.so.1.1.0
7bd28c016000-7bd28c019000 r--p 00009000 08:12 679523                     /usr/lib/x86_64-linux-gnu/libbrotlidec.so.1.1.0
7bd28c019000-7bd28c01a000 r--p 0000b000 08:12 679523                     /usr/lib/x86_64-linux-gnu/libbrotlidec.so.1.1.0
7bd28c01a000-7bd28c01b000 rw-p 0000c000 08:12 679523                     /usr/lib/x86_64-linux-gnu/libbrotlidec.so.1.1.0
7bd28c01b000-7bd28c023000 r--p 00000000 08:12 665101                     /usr/lib/x86_64-linux-gnu/libfontconfig.so.1.12.1
7bd28c023000-7bd28c053000 r-xp 00008000 08:12 665101                     /usr/lib/x86_64-linux-gnu/libfontconfig.so.1.12.1
7bd28c053000-7bd28c06a000 r--p 00038000 08:12 665101                     /usr/lib/x86_64-linux-gnu/libfontconfig.so.1.12.1
7bd28c06a000-7bd28c06c000 r--p 0004e000 08:12 665101                     /usr/lib/x86_64-linux-gnu/libfontconfig.so.1.12.1
7bd28c06c000-7bd28c06d000 rw-p 00050000 08:12 665101                     /usr/lib/x86_64-linux-gnu/libfontconfig.so.1.12.1
7bd28c06d000-7bd28c0a9000 r--p 00000000 08:12 5924821                    /home/evangelos-angelousis/.gradle/native/0.2.8/x86_64-linux-gnu/libgradle-fileevents.so
7bd28c0a9000-7bd28c0f1000 r-xp 0003b000 08:12 5924821                    /home/evangelos-angelousis/.gradle/native/0.2.8/x86_64-linux-gnu/libgradle-fileevents.so
7bd28c0f1000-7bd28c0fa000 r--p 00082000 08:12 5924821                    /home/evangelos-angelousis/.gradle/native/0.2.8/x86_64-linux-gnu/libgradle-fileevents.so
7bd28c0fa000-7bd28c0fb000 rw-p 0008a000 08:12 5924821                    /home/evangelos-angelousis/.gradle/native/0.2.8/x86_64-linux-gnu/libgradle-fileevents.so
7bd28c0fb000-7bd28c1fe000 rw-p 00000000 00:00 0 
7bd28c1fe000-7bd28c400000 rw-p 00000000 00:00 0 
7bd28c400000-7bd28ca80000 rw-p 00000000 00:00 0 
7bd28ca80000-7bd290368000 ---p 00000000 00:00 0 
7bd290368000-7bd2904d0000 rw-p 00000000 00:00 0 
7bd2904d0000-7bd290bed000 ---p 00000000 00:00 0 
7bd290bed000-7bd290cd0000 rw-p 00000000 00:00 0 
7bd290cd0000-7bd2913ed000 ---p 00000000 00:00 0 
7bd2913ed000-7bd291400000 rw-p 00000000 00:00 0 
7bd291406000-7bd291408000 r--p 00000000 08:12 660751                     /usr/lib/x86_64-linux-gnu/libbz2.so.1.0.4
7bd291408000-7bd291417000 r-xp 00002000 08:12 660751                     /usr/lib/x86_64-linux-gnu/libbz2.so.1.0.4
7bd291417000-7bd291419000 r--p 00011000 08:12 660751                     /usr/lib/x86_64-linux-gnu/libbz2.so.1.0.4
7bd291419000-7bd29141a000 r--p 00012000 08:12 660751                     /usr/lib/x86_64-linux-gnu/libbz2.so.1.0.4
7bd29141a000-7bd29141b000 rw-p 00013000 08:12 660751                     /usr/lib/x86_64-linux-gnu/libbz2.so.1.0.4
7bd29141b000-7bd2914f7000 rw-p 00000000 00:00 0 
7bd2914f7000-7bd2915f8000 rw-p 00000000 00:00 0 
7bd2915f8000-7bd291e00000 rw-p 00000000 00:00 0 
7bd291e00000-7bd295f00000 rwxp 00000000 00:00 0 
7bd295f00000-7bd299337000 ---p 00000000 00:00 0 
7bd299337000-7bd299607000 rwxp 00000000 00:00 0 
7bd299607000-7bd2998c9000 ---p 00000000 00:00 0 
7bd2998c9000-7bd29ac49000 rwxp 00000000 00:00 0 
7bd29ac49000-7bd2a0e00000 ---p 00000000 00:00 0 
7bd2a0e00000-7bd2a3f80000 r--s 00000000 08:12 6586242                    /home/evangelos-angelousis/Desktop/android-studio-panda1-patch1-linux/android-studio/jbr/lib/modules
7bd2a3f85000-7bd2a3f88000 r--p 00000000 08:12 683654                     /usr/lib/x86_64-linux-gnu/libz.so.1.3.1
7bd2a3f88000-7bd2a3f9b000 r-xp 00003000 08:12 683654                     /usr/lib/x86_64-linux-gnu/libz.so.1.3.1
7bd2a3f9b000-7bd2a3fa3000 r--p 00016000 08:12 683654                     /usr/lib/x86_64-linux-gnu/libz.so.1.3.1
7bd2a3fa3000-7bd2a3fa4000 r--p 0001d000 08:12 683654                     /usr/lib/x86_64-linux-gnu/libz.so.1.3.1
7bd2a3fa4000-7bd2a3fa5000 rw-p 0001e000 08:12 683654                     /usr/lib/x86_64-linux-gnu/libz.so.1.3.1
7bd2a3fa5000-7bd2a3fa6000 r--p 00000000 08:12 667232                     /usr/lib/x86_64-linux-gnu/libnss_mdns4_minimal.so.2
7bd2a3fa6000-7bd2a3fa8000 r-xp 00001000 08:12 667232                     /usr/lib/x86_64-linux-gnu/libnss_mdns4_minimal.so.2
7bd2a3fa8000-7bd2a3fa9000 r--p 00003000 08:12 667232                     /usr/lib/x86_64-linux-gnu/libnss_mdns4_minimal.so.2
7bd2a3fa9000-7bd2a3faa000 r--p 00003000 08:12 667232                     /usr/lib/x86_64-linux-gnu/libnss_mdns4_minimal.so.2
7bd2a3faa000-7bd2a3fab000 rw-p 00004000 08:12 667232                     /usr/lib/x86_64-linux-gnu/libnss_mdns4_minimal.so.2
7bd2a3fb4000-7bd2a3fb8000 r--p 00000000 08:12 6586339                    /home/evangelos-angelousis/Desktop/android-studio-panda1-patch1-linux/android-studio/jbr/lib/libawt_headless.so
7bd2a3fb8000-7bd2a3fbd000 r-xp 00003000 08:12 6586339                    /home/evangelos-angelousis/Desktop/android-studio-panda1-patch1-linux/android-studio/jbr/lib/libawt_headless.so
7bd2a3fbd000-7bd2a3fbe000 r--p 00007000 08:12 6586339                    /home/evangelos-angelousis/Desktop/android-studio-panda1-patch1-linux/android-studio/jbr/lib/libawt_headless.so
7bd2a3fbe000-7bd2a3fbf000 rw-p 00007000 08:12 6586339                    /home/evangelos-angelousis/Desktop/android-studio-panda1-patch1-linux/android-studio/jbr/lib/libawt_headless.so
7bd2a4000000-7bd2a5a88000 rw-p 00000000 00:00 0 
7bd2a5a88000-7bd2a8000000 ---p 00000000 00:00 0 
7bd2a8005000-7bd2a800c000 r--s 00000000 08:12 678031                     /usr/lib/x86_64-linux-gnu/gconv/gconv-modules.cache
7bd2a800c000-7bd2a800e000 r--p 00000000 08:12 6586241                    /home/evangelos-angelousis/Desktop/android-studio-panda1-patch1-linux/android-studio/jbr/lib/libextnet.so
7bd2a800e000-7bd2a800f000 r-xp 00001000 08:12 6586241                    /home/evangelos-angelousis/Desktop/android-studio-panda1-patch1-linux/android-studio/jbr/lib/libextnet.so
7bd2a800f000-7bd2a8010000 r--p 00001000 08:12 6586241                    /home/evangelos-angelousis/Desktop/android-studio-panda1-patch1-linux/android-studio/jbr/lib/libextnet.so
7bd2a8010000-7bd2a8011000 rw-p 00001000 08:12 6586241                    /home/evangelos-angelousis/Desktop/android-studio-panda1-patch1-linux/android-studio/jbr/lib/libextnet.so
7bd2a8011000-7bd2a8014000 r--p 00000000 08:12 6586317                    /home/evangelos-angelousis/Desktop/android-studio-panda1-patch1-linux/android-studio/jbr/lib/libmanagement_ext.so
7bd2a8014000-7bd2a8017000 r-xp 00002000 08:12 6586317                    /home/evangelos-angelousis/Desktop/android-studio-panda1-patch1-linux/android-studio/jbr/lib/libmanagement_ext.so
7bd2a8017000-7bd2a8018000 r--p 00004000 08:12 6586317                    /home/evangelos-angelousis/Desktop/android-studio-panda1-patch1-linux/android-studio/jbr/lib/libmanagement_ext.so
7bd2a8018000-7bd2a8019000 rw-p 00004000 08:12 6586317                    /home/evangelos-angelousis/Desktop/android-studio-panda1-patch1-linux/android-studio/jbr/lib/libmanagement_ext.so
7bd2a8019000-7bd2a801f000 r--p 00000000 08:12 6586350                    /home/evangelos-angelousis/Desktop/android-studio-panda1-patch1-linux/android-studio/jbr/lib/libverify.so
7bd2a801f000-7bd2a8027000 r-xp 00005000 08:12 6586350                    /home/evangelos-angelousis/Desktop/android-studio-panda1-patch1-linux/android-studio/jbr/lib/libverify.so
7bd2a8027000-7bd2a8029000 r--p 0000c000 08:12 6586350                    /home/evangelos-angelousis/Desktop/android-studio-panda1-patch1-linux/android-studio/jbr/lib/libverify.so
7bd2a8029000-7bd2a802a000 rw-p 0000d000 08:12 6586350                    /home/evangelos-angelousis/Desktop/android-studio-panda1-patch1-linux/android-studio/jbr/lib/libverify.so
7bd2a802a000-7bd2a8051000 rw-p 00000000 00:00 0 
7bd2a8051000-7bd2a8115000 ---p 00000000 00:00 0 
7bd2a8115000-7bd2a8197000 rw-p 00000000 00:00 0 
7bd2a8197000-7bd2a8200000 ---p 00000000 00:00 0 
7bd2a8200000-7bd2a875c000 r--p 00000000 08:12 6586230                    /home/evangelos-angelousis/Desktop/android-studio-panda1-patch1-linux/android-studio/jbr/lib/server/libjvm.so
7bd2a875c000-7bd2a92e4000 r-xp 0055b000 08:12 6586230                    /home/evangelos-angelousis/Desktop/android-studio-panda1-patch1-linux/android-studio/jbr/lib/server/libjvm.so
7bd2a92e4000-7bd2a93b1000 r--p 010e2000 08:12 6586230                    /home/evangelos-angelousis/Desktop/android-studio-panda1-patch1-linux/android-studio/jbr/lib/server/libjvm.so
7bd2a93b1000-7bd2a93d4000 rw-p 011ae000 08:12 6586230                    /home/evangelos-angelousis/Desktop/android-studio-panda1-patch1-linux/android-studio/jbr/lib/server/libjvm.so
7bd2a93d4000-7bd2a944c000 rw-p 00000000 00:00 0 
7bd2a9450000-7bd2a9453000 r--p 00000000 08:12 6586332                    /home/evangelos-angelousis/Desktop/android-studio-panda1-patch1-linux/android-studio/jbr/lib/libmanagement.so
7bd2a9453000-7bd2a9455000 r-xp 00002000 08:12 6586332                    /home/evangelos-angelousis/Desktop/android-studio-panda1-patch1-linux/android-studio/jbr/lib/libmanagement.so
7bd2a9455000-7bd2a9456000 r--p 00003000 08:12 6586332                    /home/evangelos-angelousis/Desktop/android-studio-panda1-patch1-linux/android-studio/jbr/lib/libmanagement.so
7bd2a9456000-7bd2a9457000 rw-p 00003000 08:12 6586332                    /home/evangelos-angelousis/Desktop/android-studio-panda1-patch1-linux/android-studio/jbr/lib/libmanagement.so
7bd2a9457000-7bd2a945b000 r--p 00000000 08:12 6586340                    /home/evangelos-angelousis/Desktop/android-studio-panda1-patch1-linux/android-studio/jbr/lib/libnet.so
7bd2a945b000-7bd2a9463000 r-xp 00003000 08:12 6586340                    /home/evangelos-angelousis/Desktop/android-studio-panda1-patch1-linux/android-studio/jbr/lib/libnet.so
7bd2a9463000-7bd2a9464000 r--p 0000a000 08:12 6586340                    /home/evangelos-angelousis/Desktop/android-studio-panda1-patch1-linux/android-studio/jbr/lib/libnet.so
7bd2a9464000-7bd2a9465000 rw-p 0000a000 08:12 6586340                    /home/evangelos-angelousis/Desktop/android-studio-panda1-patch1-linux/android-studio/jbr/lib/libnet.so
7bd2a9465000-7bd2a9470000 r--p 00000000 08:12 6586229                    /home/evangelos-angelousis/Desktop/android-studio-panda1-patch1-linux/android-studio/jbr/lib/libnio.so
7bd2a9470000-7bd2a9479000 r-xp 0000a000 08:12 6586229                    /home/evangelos-angelousis/Desktop/android-studio-panda1-patch1-linux/android-studio/jbr/lib/libnio.so
7bd2a9479000-7bd2a947a000 r--p 00012000 08:12 6586229                    /home/evangelos-angelousis/Desktop/android-studio-panda1-patch1-linux/android-studio/jbr/lib/libnio.so
7bd2a947a000-7bd2a947b000 rw-p 00012000 08:12 6586229                    /home/evangelos-angelousis/Desktop/android-studio-panda1-patch1-linux/android-studio/jbr/lib/libnio.so
7bd2a947b000-7bd2a9500000 rw-p 00000000 00:00 0 
7bd2a9500000-7bd2a9504000 ---p 00000000 00:00 0 
7bd2a9504000-7bd2a9600000 rw-p 00000000 00:00 0 
7bd2a9600000-7bd2a9628000 r--p 00000000 08:12 678042                     /usr/lib/x86_64-linux-gnu/libc.so.6
7bd2a9628000-7bd2a97c1000 r-xp 00028000 08:12 678042                     /usr/lib/x86_64-linux-gnu/libc.so.6
7bd2a97c1000-7bd2a9830000 r--p 001c1000 08:12 678042                     /usr/lib/x86_64-linux-gnu/libc.so.6
7bd2a9830000-7bd2a9834000 r--p 0022f000 08:12 678042                     /usr/lib/x86_64-linux-gnu/libc.so.6
7bd2a9834000-7bd2a9836000 rw-p 00233000 08:12 678042                     /usr/lib/x86_64-linux-gnu/libc.so.6
7bd2a9836000-7bd2a9843000 rw-p 00000000 00:00 0 
7bd2a9846000-7bd2a984f000 r--p 00000000 08:12 6586313                    /home/evangelos-angelousis/Desktop/android-studio-panda1-patch1-linux/android-studio/jbr/lib/libzip.so
7bd2a984f000-7bd2a9864000 r-xp 00008000 08:12 6586313                    /home/evangelos-angelousis/Desktop/android-studio-panda1-patch1-linux/android-studio/jbr/lib/libzip.so
7bd2a9864000-7bd2a9865000 r--p 0001c000 08:12 6586313                    /home/evangelos-angelousis/Desktop/android-studio-panda1-patch1-linux/android-studio/jbr/lib/libzip.so
7bd2a9865000-7bd2a9866000 rw-p 0001c000 08:12 6586313                    /home/evangelos-angelousis/Desktop/android-studio-panda1-patch1-linux/android-studio/jbr/lib/libzip.so
7bd2a9866000-7bd2a986c000 rw-p 00000000 00:00 0 
7bd2a986c000-7bd2a9872000 ---p 00000000 00:00 0 
7bd2a9872000-7bd2a987a000 rw-s 00000000 00:27 489                        /tmp/hsperfdata_evangelos-angelousis/22135
7bd2a987a000-7bd2a988c000 r--p 00000000 08:12 6586235                    /home/evangelos-angelousis/Desktop/android-studio-panda1-patch1-linux/android-studio/jbr/lib/libjava.so
7bd2a988c000-7bd2a989b000 r-xp 00011000 08:12 6586235                    /home/evangelos-angelousis/Desktop/android-studio-panda1-patch1-linux/android-studio/jbr/lib/libjava.so
7bd2a989b000-7bd2a989c000 r--p 0001f000 08:12 6586235                    /home/evangelos-angelousis/Desktop/android-studio-panda1-patch1-linux/android-studio/jbr/lib/libjava.so
7bd2a989c000-7bd2a989e000 rw-p 0001f000 08:12 6586235                    /home/evangelos-angelousis/Desktop/android-studio-panda1-patch1-linux/android-studio/jbr/lib/libjava.so
7bd2a989e000-7bd2a98a9000 r--p 00000000 08:12 6586343                    /home/evangelos-angelousis/Desktop/android-studio-panda1-patch1-linux/android-studio/jbr/lib/libjimage.so
7bd2a98a9000-7bd2a98bd000 r-xp 0000a000 08:12 6586343                    /home/evangelos-angelousis/Desktop/android-studio-panda1-patch1-linux/android-studio/jbr/lib/libjimage.so
7bd2a98bd000-7bd2a98bf000 r--p 0001d000 08:12 6586343                    /home/evangelos-angelousis/Desktop/android-studio-panda1-patch1-linux/android-studio/jbr/lib/libjimage.so
7bd2a98bf000-7bd2a98c0000 rw-p 0001e000 08:12 6586343                    /home/evangelos-angelousis/Desktop/android-studio-panda1-patch1-linux/android-studio/jbr/lib/libjimage.so
7bd2a98c0000-7bd2a98c1000 rw-p 00000000 00:00 0 
7bd2a98c1000-7bd2a98c2000 r--p 00000000 08:12 678056                     /usr/lib/x86_64-linux-gnu/librt.so.1
7bd2a98c2000-7bd2a98c3000 r-xp 00001000 08:12 678056                     /usr/lib/x86_64-linux-gnu/librt.so.1
7bd2a98c3000-7bd2a98c4000 r--p 00002000 08:12 678056                     /usr/lib/x86_64-linux-gnu/librt.so.1
7bd2a98c4000-7bd2a98c5000 r--p 00002000 08:12 678056                     /usr/lib/x86_64-linux-gnu/librt.so.1
7bd2a98c5000-7bd2a98c6000 rw-p 00003000 08:12 678056                     /usr/lib/x86_64-linux-gnu/librt.so.1
7bd2a98c6000-7bd2a98d7000 r--p 00000000 08:12 678045                     /usr/lib/x86_64-linux-gnu/libm.so.6
7bd2a98d7000-7bd2a9962000 r-xp 00011000 08:12 678045                     /usr/lib/x86_64-linux-gnu/libm.so.6
7bd2a9962000-7bd2a99d1000 r--p 0009c000 08:12 678045                     /usr/lib/x86_64-linux-gnu/libm.so.6
7bd2a99d1000-7bd2a99d2000 r--p 0010a000 08:12 678045                     /usr/lib/x86_64-linux-gnu/libm.so.6
7bd2a99d2000-7bd2a99d3000 rw-p 0010b000 08:12 678045                     /usr/lib/x86_64-linux-gnu/libm.so.6
7bd2a99d3000-7bd2a99d5000 rw-p 00000000 00:00 0 
7bd2a99d5000-7bd2a99d6000 r--p 00000000 08:12 678044                     /usr/lib/x86_64-linux-gnu/libdl.so.2
7bd2a99d6000-7bd2a99d7000 r-xp 00001000 08:12 678044                     /usr/lib/x86_64-linux-gnu/libdl.so.2
7bd2a99d7000-7bd2a99d8000 r--p 00002000 08:12 678044                     /usr/lib/x86_64-linux-gnu/libdl.so.2
7bd2a99d8000-7bd2a99d9000 r--p 00002000 08:12 678044                     /usr/lib/x86_64-linux-gnu/libdl.so.2
7bd2a99d9000-7bd2a99da000 rw-p 00003000 08:12 678044                     /usr/lib/x86_64-linux-gnu/libdl.so.2
7bd2a99da000-7bd2a99db000 r--p 00000000 08:12 678054                     /usr/lib/x86_64-linux-gnu/libpthread.so.0
7bd2a99db000-7bd2a99dc000 r-xp 00001000 08:12 678054                     /usr/lib/x86_64-linux-gnu/libpthread.so.0
7bd2a99dc000-7bd2a99dd000 r--p 00002000 08:12 678054                     /usr/lib/x86_64-linux-gnu/libpthread.so.0
7bd2a99dd000-7bd2a99de000 r--p 00002000 08:12 678054                     /usr/lib/x86_64-linux-gnu/libpthread.so.0
7bd2a99de000-7bd2a99df000 rw-p 00003000 08:12 678054                     /usr/lib/x86_64-linux-gnu/libpthread.so.0
7bd2a99e3000-7bd2a99e7000 r--p 00000000 08:12 6586323                    /home/evangelos-angelousis/Desktop/android-studio-panda1-patch1-linux/android-studio/jbr/lib/libinstrument.so
7bd2a99e7000-7bd2a99ee000 r-xp 00003000 08:12 6586323                    /home/evangelos-angelousis/Desktop/android-studio-panda1-patch1-linux/android-studio/jbr/lib/libinstrument.so
7bd2a99ee000-7bd2a99ef000 r--p 00009000 08:12 6586323                    /home/evangelos-angelousis/Desktop/android-studio-panda1-patch1-linux/android-studio/jbr/lib/libinstrument.so
7bd2a99ef000-7bd2a99f0000 rw-p 00009000 08:12 6586323                    /home/evangelos-angelousis/Desktop/android-studio-panda1-patch1-linux/android-studio/jbr/lib/libinstrument.so
7bd2a99f0000-7bd2a99f1000 ---p 00000000 00:00 0 
7bd2a99f1000-7bd2a99f2000 r--p 00000000 00:00 0 
7bd2a99f2000-7bd2a99f3000 ---p 00000000 00:00 0 
7bd2a99f3000-7bd2a99fc000 r--p 00000000 08:12 6586238                    /home/evangelos-angelousis/Desktop/android-studio-panda1-patch1-linux/android-studio/jbr/lib/libjli.so
7bd2a99fc000-7bd2a9a0b000 r-xp 00008000 08:12 6586238                    /home/evangelos-angelousis/Desktop/android-studio-panda1-patch1-linux/android-studio/jbr/lib/libjli.so
7bd2a9a0b000-7bd2a9a0c000 r--p 00016000 08:12 6586238                    /home/evangelos-angelousis/Desktop/android-studio-panda1-patch1-linux/android-studio/jbr/lib/libjli.so
7bd2a9a0c000-7bd2a9a0d000 rw-p 00016000 08:12 6586238                    /home/evangelos-angelousis/Desktop/android-studio-panda1-patch1-linux/android-studio/jbr/lib/libjli.so
7bd2a9a0d000-7bd2a9a0f000 rw-p 00000000 00:00 0 
7bd2a9a0f000-7bd2a9a13000 r--p 00000000 00:00 0                          [vvar]
7bd2a9a13000-7bd2a9a15000 r--p 00000000 00:00 0                          [vvar_vclock]
7bd2a9a15000-7bd2a9a17000 r-xp 00000000 00:00 0                          [vdso]
7bd2a9a17000-7bd2a9a18000 r--p 00000000 08:12 678039                     /usr/lib/x86_64-linux-gnu/ld-linux-x86-64.so.2
7bd2a9a18000-7bd2a9a46000 r-xp 00001000 08:12 678039                     /usr/lib/x86_64-linux-gnu/ld-linux-x86-64.so.2
7bd2a9a46000-7bd2a9a54000 r--p 0002f000 08:12 678039                     /usr/lib/x86_64-linux-gnu/ld-linux-x86-64.so.2
7bd2a9a54000-7bd2a9a56000 r--p 0003d000 08:12 678039                     /usr/lib/x86_64-linux-gnu/ld-linux-x86-64.so.2
7bd2a9a56000-7bd2a9a57000 rw-p 0003f000 08:12 678039                     /usr/lib/x86_64-linux-gnu/ld-linux-x86-64.so.2
7bd2a9a57000-7bd2a9a58000 rw-p 00000000 00:00 0 
7fffa736e000-7fffa7390000 rw-p 00000000 00:00 0                          [stack]
ffffffffff600000-ffffffffff601000 --xp 00000000 00:00 0                  [vsyscall]
Total number of mappings: 528

JVMTI agents:
/home/evangelos-angelousis/.gradle/wrapper/dists/gradle-9.3.1-bin/23ovyewtku6u96viwx3xl3oks/gradle-9.3.1/lib/agents/gradle-instrumentation-agent-9.3.1.jar path:none, loaded, initialized, instrumentlib options:none


VM Arguments:
jvm_args: --add-opens=java.base/java.lang=ALL-UNNAMED --add-opens=java.base/java.lang.invoke=ALL-UNNAMED --add-opens=java.base/java.util=ALL-UNNAMED --add-opens=java.prefs/java.util.prefs=ALL-UNNAMED --add-exports=jdk.compiler/com.sun.tools.javac.api=ALL-UNNAMED --add-exports=jdk.compiler/com.sun.tools.javac.util=ALL-UNNAMED --add-opens=java.base/java.util=ALL-UNNAMED --add-opens=java.prefs/java.util.prefs=ALL-UNNAMED --add-opens=java.base/java.nio.charset=ALL-UNNAMED --add-opens=java.base/java.net=ALL-UNNAMED --add-opens=java.base/java.util.concurrent=ALL-UNNAMED --add-opens=java.base/java.util.concurrent.atomic=ALL-UNNAMED --add-opens=java.xml/javax.xml.namespace=ALL-UNNAMED --add-opens=java.base/java.time=ALL-UNNAMED -Xmx4096M -Dfile.encoding=UTF-8 -Duser.country=US -Duser.language=en -Duser.variant -javaagent:/home/evangelos-angelousis/.gradle/wrapper/dists/gradle-9.3.1-bin/23ovyewtku6u96viwx3xl3oks/gradle-9.3.1/lib/agents/gradle-instrumentation-agent-9.3.1.jar -Dawt.toolkit.name=XToolkit 
java_command: org.gradle.launcher.daemon.bootstrap.GradleDaemon 9.3.1
java_class_path (initial): /home/evangelos-angelousis/.gradle/wrapper/dists/gradle-9.3.1-bin/23ovyewtku6u96viwx3xl3oks/gradle-9.3.1/lib/gradle-daemon-main-9.3.1.jar
Launcher Type: SUN_STANDARD

[Global flags]
     intx CICompilerCount                          = 4                                         {product} {ergonomic}
     uint ConcGCThreads                            = 2                                         {product} {ergonomic}
     uint G1ConcRefinementThreads                  = 8                                         {product} {ergonomic}
   size_t G1HeapRegionSize                         = 2097152                                   {product} {ergonomic}
    uintx GCDrainStackTargetSize                   = 64                                        {product} {ergonomic}
   size_t InitialHeapSize                          = 253755392                                 {product} {ergonomic}
   size_t MarkStackSize                            = 4194304                                   {product} {ergonomic}
   size_t MaxHeapSize                              = 4294967296                                {product} {command line}
   size_t MaxNewSize                               = 2575302656                                {product} {ergonomic}
   size_t MinHeapDeltaBytes                        = 2097152                                   {product} {ergonomic}
   size_t MinHeapSize                              = 8388608                                   {product} {ergonomic}
    uintx NonNMethodCodeHeapSize                   = 5839372                                {pd product} {ergonomic}
    uintx NonProfiledCodeHeapSize                  = 122909434                              {pd product} {ergonomic}
    uintx ProfiledCodeHeapSize                     = 122909434                              {pd product} {ergonomic}
    uintx ReservedCodeCacheSize                    = 251658240                              {pd product} {ergonomic}
     bool SegmentedCodeCache                       = true                                      {product} {ergonomic}
   size_t SoftMaxHeapSize                          = 4294967296                             {manageable} {ergonomic}
     bool UseCompressedOops                        = true                           {product lp64_product} {ergonomic}
     bool UseG1GC                                  = true                                      {product} {ergonomic}

Logging:
Log output configuration:
 #0: stdout all=warning uptime,level,tags foldmultilines=false
 #1: stderr all=off uptime,level,tags foldmultilines=false

Release file:
JAVA_VERSION="21.0.10"
MODULES="java.base java.compiler java.datatransfer java.xml java.prefs java.desktop java.instrument java.logging java.management java.security.sasl java.naming java.rmi java.management.rmi java.net.http java.scripting java.security.jgss java.transaction.xa java.sql java.sql.rowset java.xml.crypto java.se java.smartcardio jdk.accessibility jdk.internal.jvmstat jdk.attach jdk.charsets jdk.internal.opt jdk.zipfs jdk.compiler jdk.crypto.ec jdk.crypto.cryptoki jdk.dynalink jdk.hotspot.agent jdk.httpserver jdk.internal.ed jdk.internal.le jdk.internal.vm.ci jdk.jartool jdk.javadoc jdk.jcmd jdk.jdeps jdk.jdwp.agent jdk.jdi jdk.jfr jdk.jlink jdk.jsobject jdk.localedata jdk.management jdk.management.agent jdk.management.jfr jdk.naming.dns jdk.naming.rmi jdk.net jdk.sctp jdk.security.auth jdk.security.jgss jdk.unsupported jdk.unsupported.desktop jdk.xml.dom"
IMPLEMENTOR="JetBrains s.r.o."
JAVA_RUNTIME_VERSION="21.0.10+-14961533-b1163.108"
LIBC="gnu"
OS_ARCH="x86_64"
OS_NAME="Linux"
SOURCE=".:git:1351622c2ff2"

Environment Variables:
JAVA_HOME=/home/evangelos-angelousis/Desktop/android-studio-panda1-patch1-linux/android-studio/jbr
PATH=/home/evangelos-angelousis/Desktop/android-studio-panda1-patch1-linux/android-studio/jbr/bin:/usr/local/sbin:/usr/local/bin:/usr/sbin:/usr/bin:/sbin:/bin:/usr/games:/usr/local/games:/snap/bin:/snap/bin
USERNAME=evangelos-angelousis
SHELL=/bin/bash
DISPLAY=:0
WAYLAND_DISPLAY=wayland-0
LANG=en_US.UTF-8
TERM=xterm-256color

Active Locale:
LC_ALL=en_US.UTF-8
LC_COLLATE=en_US.UTF-8
LC_CTYPE=en_US.UTF-8
LC_MESSAGES=en_US.UTF-8
LC_MONETARY=en_US.UTF-8
LC_NUMERIC=en_US.UTF-8
LC_TIME=en_US.UTF-8

Signal Handlers:
   SIGSEGV: crash_handler in libjvm.so, mask=11100100010111111101111111111110, flags=SA_RESTART|SA_SIGINFO, unblocked
    SIGBUS: crash_handler in libjvm.so, mask=11100100010111111101111111111110, flags=SA_RESTART|SA_SIGINFO, unblocked
    SIGFPE: crash_handler in libjvm.so, mask=11100100010111111101111111111110, flags=SA_RESTART|SA_SIGINFO, unblocked
   SIGPIPE: javaSignalHandler in libjvm.so, mask=11100100010111111101111111111110, flags=SA_RESTART|SA_SIGINFO, blocked
   SIGXFSZ: javaSignalHandler in libjvm.so, mask=11100100010111111101111111111110, flags=SA_RESTART|SA_SIGINFO, blocked
    SIGILL: crash_handler in libjvm.so, mask=11100100010111111101111111111110, flags=SA_RESTART|SA_SIGINFO, unblocked
   SIGUSR2: SR_handler in libjvm.so, mask=00000000000000000000000000000000, flags=SA_RESTART|SA_SIGINFO, blocked
    SIGHUP: UserHandler in libjvm.so, mask=11100100010111111101111111111110, flags=SA_RESTART|SA_SIGINFO, blocked
    SIGINT: UserHandler in libjvm.so, mask=11100100010111111101111111111110, flags=SA_RESTART|SA_SIGINFO, blocked
   SIGTERM: UserHandler in libjvm.so, mask=11100100010111111101111111111110, flags=SA_RESTART|SA_SIGINFO, blocked
   SIGQUIT: UserHandler in libjvm.so, mask=11100100010111111101111111111110, flags=SA_RESTART|SA_SIGINFO, blocked
   SIGTRAP: crash_handler in libjvm.so, mask=11100100010111111101111111111110, flags=SA_RESTART|SA_SIGINFO, unblocked


Periodic native trim disabled

JNI global refs:
JNI global refs: 32, weak refs: 3

JNI global refs memory usage: 859, weak refs: 857

Process memory usage:
Resident Set Size: 1290400K (8% of 15729536K total physical memory with 6904780K free physical memory)

OOME stack traces (most recent first):
Classloader memory used:
Loader org.gradle.internal.classloader.VisitableURLClassLoader                         : 117M
Loader java.net.URLClassLoader                                                         : 56976K
Loader org.gradle.internal.classloader.VisitableURLClassLoader$InstrumentingVisitableURLClassLoader: 50681K
Loader bootstrap                                                                       : 38014K
Loader org.gradle.initialization.MixInLegacyTypesClassLoader                           : 17954K
Loader jdk.internal.loader.ClassLoaders$PlatformClassLoader                            : 846K
Loader jdk.internal.reflect.DelegatingClassLoader                                      : 770K
Loader jdk.internal.jrtfs.JrtFileSystemProvider$JrtFsLoader                            : 663K
Loader org.gradle.internal.classloader.VisitableURLClassLoader                         : 402K
Loader jdk.internal.loader.ClassLoaders$AppClassLoader                                 : 230K
Loader sun.reflect.misc.MethodUtil                                                     : 2984B

Classes loaded by more than one classloader:
Class Program                                                                         : loaded 6 times (x 72B)
Class Build_gradle                                                                    : loaded 4 times (x 126B)
Class jdk.internal.jimage.BasicImageReader                                            : loaded 3 times (x 95B)
Class jdk.internal.jimage.decompressor.StringSharingDecompressorFactory               : loaded 3 times (x 74B)
Class jdk.internal.jrtfs.JrtFileSystemProvider                                        : loaded 3 times (x 101B)
Class jdk.internal.jimage.ImageLocation                                               : loaded 3 times (x 90B)
Class jdk.internal.jimage.ImageBufferCache$1                                          : loaded 3 times (x 83B)
Class jdk.internal.jimage.ImageBufferCache$2                                          : loaded 3 times (x 91B)
Class jdk.internal.jimage.ImageHeader                                                 : loaded 3 times (x 71B)
Class jdk.internal.jimage.decompressor.ResourceDecompressor                           : loaded 3 times (x 70B)
Class jdk.internal.jimage.ImageStringsReader                                          : loaded 3 times (x 80B)
Class jdk.internal.jimage.ImageReader                                                 : loaded 3 times (x 75B)
Class jdk.internal.jimage.ImageReader$SharedImageReader                               : loaded 3 times (x 95B)
Class jdk.internal.jimage.decompressor.ResourceDecompressorFactory                    : loaded 3 times (x 74B)
Class jdk.internal.jimage.ImageReader$Node                                            : loaded 3 times (x 84B)
Class jdk.internal.jimage.BasicImageReader$1                                          : loaded 3 times (x 77B)
Class jdk.internal.jimage.decompressor.Decompressor                                   : loaded 3 times (x 72B)
Class jdk.internal.jimage.ImageBufferCache                                            : loaded 3 times (x 71B)
Class jdk.internal.jrtfs.JrtPath                                                      : loaded 3 times (x 118B)
Class jdk.internal.jimage.decompressor.ResourceDecompressorRepository                 : loaded 3 times (x 71B)
Class jdk.internal.jimage.ImageReader$Directory                                       : loaded 3 times (x 84B)
Class jdk.internal.jimage.decompressor.ZipDecompressorFactory                         : loaded 3 times (x 74B)
Class jdk.internal.jimage.decompressor.ZipDecompressor                                : loaded 3 times (x 75B)
Class jdk.internal.jimage.ImageStrings                                                : loaded 3 times (x 70B)
Class jdk.internal.jrtfs.JrtFileSystem                                                : loaded 3 times (x 102B)
Class jdk.internal.jimage.decompressor.CompressedResourceHeader                       : loaded 3 times (x 71B)
Class jdk.internal.jimage.decompressor.ResourceDecompressor$StringsProvider           : loaded 3 times (x 70B)
Class kotlin.sequences.FlatteningSequence                                             : loaded 2 times (x 75B)
Class kotlin.sequences.DropTakeSequence                                               : loaded 2 times (x 70B)
Class kotlin.coroutines.jvm.internal.CompletedContinuation                            : loaded 2 times (x 75B)
Class kotlinx.coroutines.internal.ResizableAtomicArray                                : loaded 2 times (x 72B)
Class kotlin.text.StringsKt__StringsKt                                                : loaded 2 times (x 71B)
Class kotlin.NotImplementedError                                                      : loaded 2 times (x 82B)
Class com.google.common.base.Equivalence$Identity                                     : loaded 2 times (x 82B)
Class com.google.common.base.PairwiseEquivalence                                      : loaded 2 times (x 83B)
Class com.google.common.collect.RegularImmutableMap$KeySet                            : loaded 2 times (x 152B)
Class org.gradle.internal.classloader.FilteringClassLoader                            : loaded 2 times (x 105B)
Class kotlin.sequences.DropWhileSequence$iterator$1                                   : loaded 2 times (x 79B)
Class kotlin.io.FilesKt__FileTreeWalkKt                                               : loaded 2 times (x 71B)
Class kotlin.jvm.internal.CollectionToArray                                           : loaded 2 times (x 71B)
Class kotlinx.coroutines.internal.ThreadContextKt                                     : loaded 2 times (x 71B)
Class kotlinx.coroutines.BuildersKt                                                   : loaded 2 times (x 71B)
Class kotlin.sequences.FilteringSequence$iterator$1                                   : loaded 2 times (x 79B)
Class kotlin.sequences.SequencesKt__SequenceBuilderKt                                 : loaded 2 times (x 71B)
Class kotlin.collections.CollectionsKt__ReversedViewsKt                               : loaded 2 times (x 71B)
Class [Lcom.google.common.collect.MapMakerInternalMap$Segment;                        : loaded 2 times (x 69B)
Class com.google.common.io.FileWriteMode                                              : loaded 2 times (x 79B)
Class [Lcom.google.common.base.AbstractIterator$State;                                : loaded 2 times (x 69B)
Class com.google.common.base.CharMatcher$IsEither                                     : loaded 2 times (x 111B)
Class org.gradle.internal.classloader.ClassLoaderHierarchy                            : loaded 2 times (x 70B)
Class kotlin.jvm.internal.MutablePropertyReference1                                   : loaded 2 times (x 137B)
Class kotlin.jvm.internal.PropertyReference1Impl                                      : loaded 2 times (x 127B)
Class kotlin.SafePublicationLazyImpl$Companion                                        : loaded 2 times (x 71B)
Class com.google.common.collect.AbstractMapBasedMultimap$WrappedCollection            : loaded 2 times (x 124B)
Class com.google.common.collect.ImmutableEnumSet                                      : loaded 2 times (x 146B)
Class com.google.common.util.concurrent.ExecutionError                                : loaded 2 times (x 82B)
Class com.google.common.collect.ImmutableList$1                                       : loaded 2 times (x 97B)
Class org.gradle.api.internal.classpath.ManifestUtil                                  : loaded 2 times (x 71B)
Class kotlin.collections.builders.MapBuilder                                          : loaded 2 times (x 112B)
Class kotlin.ranges.IntProgression$Companion                                          : loaded 2 times (x 71B)
Class com.google.gson.stream.MalformedJsonException                                   : loaded 2 times (x 82B)
Class com.google.common.collect.RegularImmutableMap                                   : loaded 2 times (x 121B)
Class com.google.common.collect.ImmutableMap$MapViewOfValuesAsSingletonSets           : loaded 2 times (x 126B)
Class kotlin.collections.builders.ListBuilder$Itr                                     : loaded 2 times (x 94B)
Class kotlinx.coroutines.ChildHandle                                                  : loaded 2 times (x 70B)
Class kotlin.sequences.TransformingSequence                                           : loaded 2 times (x 75B)
Class kotlinx.coroutines.CoroutineScope                                               : loaded 2 times (x 70B)
Class com.google.common.collect.TransformedListIterator                               : loaded 2 times (x 93B)
Class [Lorg.objectweb.asm.Symbol;                                                     : loaded 2 times (x 69B)
Class org.objectweb.asm.ClassVisitor                                                  : loaded 2 times (x 88B)
Class com.google.common.collect.UnmodifiableListIterator                              : loaded 2 times (x 95B)
Class [Lkotlin.reflect.KClass;                                                        : loaded 2 times (x 69B)
Class kotlinx.coroutines.scheduling.CoroutineScheduler                                : loaded 2 times (x 81B)
Class kotlinx.coroutines.scheduling.SchedulerTimeSource                               : loaded 2 times (x 72B)
Class kotlinx.coroutines.EventLoopImplPlatform                                        : loaded 2 times (x 107B)
Class com.google.common.collect.MapMakerInternalMap$StrongKeyDummyValueEntry$LinkedStrongKeyDummyValueEntry: loaded 2 times (x 82B)
Class com.google.common.collect.MapMakerInternalMap$Strength                          : loaded 2 times (x 80B)
Class com.google.common.base.Platform$JdkPatternCompiler                              : loaded 2 times (x 75B)
Class org.objectweb.asm.MethodTooLargeException                                       : loaded 2 times (x 83B)
Class [Lcom.google.common.cache.CacheBuilder$OneWeigher;                              : loaded 2 times (x 69B)
Class com.google.common.base.Suppliers                                                : loaded 2 times (x 71B)
Class org.gradle.internal.classloader.DefaultClassLoaderFactory                       : loaded 2 times (x 82B)
Class kotlin.sequences.SequencesKt___SequencesKt$flatMap$1                            : loaded 2 times (x 125B)
Class kotlin.jvm.internal.FloatCompanionObject                                        : loaded 2 times (x 71B)
Class kotlin.KotlinVersion$Companion                                                  : loaded 2 times (x 71B)
Class kotlinx.coroutines.CopyableThreadContextElement                                 : loaded 2 times (x 70B)
Class kotlin.sequences.SequencesKt___SequencesKt                                      : loaded 2 times (x 71B)
Class kotlin.collections.AbstractList$Companion                                       : loaded 2 times (x 71B)
Class com.google.common.base.CharMatcher$None                                         : loaded 2 times (x 112B)
Class org.gradle.internal.classloader.ClassLoaderVisitor                              : loaded 2 times (x 76B)
Class jdk.internal.jrtfs.ExplodedImage                                                : loaded 2 times (x 77B)
Class kotlin.sequences.SequencesKt___SequencesKt$flatMap$2                            : loaded 2 times (x 125B)
Class kotlin.io.FileTreeWalk$FileTreeWalkIterator                                     : loaded 2 times (x 83B)
Class [Lcom.google.common.collect.ImmutableMapEntry;                                  : loaded 2 times (x 69B)
Class org.gradle.api.internal.classpath.EffectiveClassPath                            : loaded 2 times (x 90B)
Class kotlinx.coroutines.DebugKt                                                      : loaded 2 times (x 71B)
Class kotlin.coroutines.ContinuationInterceptor                                       : loaded 2 times (x 70B)
Class kotlin.text.StringsKt__AppendableKt                                             : loaded 2 times (x 71B)
Class com.google.common.collect.ImmutableRangeSet                                     : loaded 2 times (x 115B)
Class com.google.common.collect.ListMultimap                                          : loaded 2 times (x 70B)
Class com.google.common.collect.ImmutableEnumMap                                      : loaded 2 times (x 126B)
Class kotlin.jvm.internal.ArrayIteratorKt                                             : loaded 2 times (x 71B)
Class kotlin.reflect.KProperty$Accessor                                               : loaded 2 times (x 70B)
Class [Lkotlin.reflect.KCallable;                                                     : loaded 2 times (x 69B)
Class kotlin.jvm.internal.AdaptedFunctionReference                                    : loaded 2 times (x 77B)
Class kotlinx.coroutines.EventLoop_commonKt                                           : loaded 2 times (x 71B)
Class com.google.common.collect.Iterators$EmptyModifiableIterator                     : loaded 2 times (x 86B)
Class com.google.common.base.Splitter                                                 : loaded 2 times (x 72B)
Class com.google.common.collect.Sets$1                                                : loaded 2 times (x 139B)
Class org.objectweb.asm.AnnotationVisitor                                             : loaded 2 times (x 78B)
Class org.gradle.api.internal.DefaultClassPathProvider                                : loaded 2 times (x 76B)
Class kotlin.sequences.SequenceScope                                                  : loaded 2 times (x 73B)
Class kotlin.coroutines.ContinuationInterceptor$DefaultImpls                          : loaded 2 times (x 71B)
Class kotlin.text.StringsKt__StringNumberConversionsJVMKt                             : loaded 2 times (x 71B)
Class kotlin.sequences.Sequence                                                       : loaded 2 times (x 70B)
Class com.google.common.collect.MapMakerInternalMap$Strength$1                        : loaded 2 times (x 80B)
Class com.google.common.collect.Maps$ViewCachingAbstractMap                           : loaded 2 times (x 125B)
Class com.google.common.collect.Sets$2                                                : loaded 2 times (x 139B)
Class [Lorg.gradle.api.internal.ClassPathProvider;                                    : loaded 2 times (x 69B)
Class org.gradle.api.internal.ClassPathProvider                                       : loaded 2 times (x 70B)
Class jdk.internal.jrtfs.SystemImage                                                  : loaded 2 times (x 74B)
Class kotlin.jvm.functions.Function20                                                 : loaded 2 times (x 70B)
Class kotlin.collections.CollectionsKt___CollectionsKt$asSequence$$inlined$Sequence$1 : loaded 2 times (x 75B)
Class kotlinx.coroutines.JobNode                                                      : loaded 2 times (x 90B)
Class kotlinx.coroutines.ParentJob                                                    : loaded 2 times (x 70B)
Class kotlinx.coroutines.Delay                                                        : loaded 2 times (x 70B)
Class org.jetbrains.kotlin.cli.common.CompilerSystemProperties                        : loaded 2 times (x 80B)
Class com.google.common.collect.MapMakerInternalMap$Strength$2                        : loaded 2 times (x 80B)
Class com.google.common.base.AbstractIterator$State                                   : loaded 2 times (x 79B)
Class [Lorg.objectweb.asm.AnnotationVisitor;                                          : loaded 2 times (x 69B)
Class com.google.common.collect.Sets$3                                                : loaded 2 times (x 139B)
Class com.google.common.cache.LocalCache$LocalLoadingCache                            : loaded 2 times (x 134B)
Class org.gradle.internal.service.UnknownServiceException                             : loaded 2 times (x 83B)
Class kotlin.jvm.functions.Function21                                                 : loaded 2 times (x 70B)
Class kotlinx.coroutines.IncompleteStateBox                                           : loaded 2 times (x 72B)
Class com.google.common.collect.MapMakerInternalMap$StrongValueEntry                  : loaded 2 times (x 70B)
Class com.google.common.collect.Sets$4                                                : loaded 2 times (x 139B)
Class org.objectweb.asm.ModuleVisitor                                                 : loaded 2 times (x 81B)
Class com.google.common.cache.LocalCache$Strength$1                                   : loaded 2 times (x 81B)
Class kotlin.annotation.AnnotationRetention                                           : loaded 2 times (x 79B)
Class kotlin.jvm.functions.Function22                                                 : loaded 2 times (x 70B)
Class kotlin.collections.MapWithDefault                                               : loaded 2 times (x 70B)
Class kotlinx.coroutines.internal.SystemPropsKt                                       : loaded 2 times (x 71B)
Class kotlin.coroutines.jvm.internal.SuspendLambda                                    : loaded 2 times (x 91B)
Class kotlin.coroutines.jvm.internal.ContinuationImpl                                 : loaded 2 times (x 87B)
Class com.google.common.util.concurrent.SettableFuture                                : loaded 2 times (x 114B)
Class com.google.common.cache.LocalCache$Strength$2                                   : loaded 2 times (x 81B)
Class jdk.internal.jrtfs.JrtFileStore                                                 : loaded 2 times (x 83B)
Class kotlin.reflect.KTypeParameter                                                   : loaded 2 times (x 70B)
Class kotlinx.coroutines.DispatchedTask                                               : loaded 2 times (x 81B)
Class kotlin.text.StringsKt__RegexExtensionsJVMKt                                     : loaded 2 times (x 71B)
Class kotlin.collections.ArraysKt___ArraysJvmKt                                       : loaded 2 times (x 71B)
Class kotlin.collections.CollectionsKt__CollectionsKt                                 : loaded 2 times (x 71B)
Class com.google.common.collect.Interners$InternerImpl                                : loaded 2 times (x 75B)
Class com.google.common.collect.Interner                                              : loaded 2 times (x 70B)
Class com.google.common.collect.TransformedIterator                                   : loaded 2 times (x 80B)
Class com.google.common.base.Splitter$1                                               : loaded 2 times (x 77B)
Class com.google.common.cache.LocalCache$Strength$3                                   : loaded 2 times (x 81B)
Class com.google.common.collect.MapDifference                                         : loaded 2 times (x 70B)
Class jdk.internal.jimage.ImageReader$LinkNode                                        : loaded 2 times (x 84B)
Class kotlin.text.Regex$Companion                                                     : loaded 2 times (x 71B)
Class kotlin._Assertions                                                              : loaded 2 times (x 71B)
Class com.google.common.collect.MapMaker$Dummy                                        : loaded 2 times (x 79B)
Class org.objectweb.asm.FieldWriter                                                   : loaded 2 times (x 78B)
Class com.google.common.cache.CacheBuilder$NullListener                               : loaded 2 times (x 82B)
Class org.gradle.internal.classpath.TransformedClassPath                              : loaded 2 times (x 96B)
Class org.gradle.internal.classloader.InstrumentingClassLoader                        : loaded 2 times (x 70B)
Class jdk.internal.jrtfs.SystemImage$1                                                : loaded 2 times (x 78B)
Class kotlin.io.path.PathsKt__PathUtilsKt                                             : loaded 2 times (x 71B)
Class [Lkotlin.annotation.AnnotationTarget;                                           : loaded 2 times (x 69B)
Class kotlin.jvm.internal.FunctionReference                                           : loaded 2 times (x 122B)
Class [Lkotlin.coroutines.intrinsics.CoroutineSingletons;                             : loaded 2 times (x 69B)
Class kotlinx.coroutines.DisposableHandle                                             : loaded 2 times (x 70B)
Class kotlin.jvm.internal.FunctionBase                                                : loaded 2 times (x 70B)
Class kotlin.enums.EnumEntriesList                                                    : loaded 2 times (x 223B)
Class com.google.common.collect.ImmutableRangeSet$AsSet                               : loaded 2 times (x 300B)
Class com.google.common.cache.CacheLoader$FunctionToCacheLoader                       : loaded 2 times (x 75B)
Class com.google.common.collect.Iterators$ArrayItr                                    : loaded 2 times (x 97B)
Class com.google.common.collect.ImmutableCollection$Builder                           : loaded 2 times (x 76B)
Class jdk.internal.jrtfs.SystemImage$2                                                : loaded 2 times (x 76B)
Class kotlin.io.path.PathsKt                                                          : loaded 2 times (x 71B)
Class kotlin.comparisons.ComparisonsKt___ComparisonsJvmKt                             : loaded 2 times (x 71B)
Class kotlin.collections.builders.ListBuilder$Companion                               : loaded 2 times (x 71B)
Class kotlin.collections.builders.ListBuilder                                         : loaded 2 times (x 207B)
Class kotlinx.coroutines.scheduling.CoroutineScheduler$Companion                      : loaded 2 times (x 71B)
Class kotlin.collections.CollectionsKt__IteratorsJVMKt                                : loaded 2 times (x 71B)
Class com.google.common.base.Joiner                                                   : loaded 2 times (x 79B)
Class com.google.common.base.MoreObjects                                              : loaded 2 times (x 71B)
Class kotlin.jvm.internal.BooleanCompanionObject                                      : loaded 2 times (x 71B)
Class kotlin.reflect.KProperty0                                                       : loaded 2 times (x 70B)
Class kotlin.Result                                                                   : loaded 2 times (x 72B)
Class kotlinx.coroutines.scheduling.NanoTimeSource                                    : loaded 2 times (x 72B)
Class kotlinx.coroutines.BuildersKt__BuildersKt                                       : loaded 2 times (x 71B)
Class com.google.common.collect.Platform                                              : loaded 2 times (x 71B)
Class [Lorg.objectweb.asm.Type;                                                       : loaded 2 times (x 69B)
Class com.google.common.collect.UnmodifiableIterator                                  : loaded 2 times (x 80B)
Class org.gradle.internal.service.ServiceLocator                                      : loaded 2 times (x 70B)
Class jdk.internal.jrtfs.JrtFileSystem$1                                              : loaded 2 times (x 107B)
Class kotlin.reflect.KClass                                                           : loaded 2 times (x 70B)
Class kotlin.reflect.KProperty1                                                       : loaded 2 times (x 70B)
Class kotlin.sequences.TransformingSequence$iterator$1                                : loaded 2 times (x 79B)
Class kotlin.Pair                                                                     : loaded 2 times (x 72B)
Class com.google.common.collect.SingletonImmutableBiMap                               : loaded 2 times (x 143B)
Class com.google.common.base.Ascii                                                    : loaded 2 times (x 71B)
Class com.google.common.cache.LocalCache$1                                            : loaded 2 times (x 89B)
Class com.google.common.collect.Iterators$SingletonIterator                           : loaded 2 times (x 81B)
Class com.google.common.collect.AbstractMapEntry                                      : loaded 2 times (x 81B)
Class Settings_gradle$1$1$1$1                                                         : loaded 2 times (x 74B)
Class kotlin.sequences.GeneratorSequence$iterator$1                                   : loaded 2 times (x 79B)
Class kotlin.reflect.KProperty2                                                       : loaded 2 times (x 70B)
Class kotlinx.coroutines.scheduling.GlobalQueue                                       : loaded 2 times (x 72B)
Class kotlin.collections.CollectionsKt__MutableCollectionsKt                          : loaded 2 times (x 71B)
Class kotlin.io.CloseableKt                                                           : loaded 2 times (x 71B)
Class com.google.common.collect.AbstractSetMultimap                                   : loaded 2 times (x 174B)
Class com.google.common.collect.MapMakerInternalMap$AbstractStrongKeyEntry            : loaded 2 times (x 80B)
Class com.google.common.collect.Sets$ImprovedAbstractSet                              : loaded 2 times (x 135B)
Class com.google.common.collect.ImmutableList$Builder                                 : loaded 2 times (x 77B)
Class com.google.common.collect.AbstractMultimap                                      : loaded 2 times (x 123B)
Class com.google.common.cache.LocalCache$2                                            : loaded 2 times (x 142B)
Class kotlin.io.TerminateException                                                    : loaded 2 times (x 82B)
Class kotlin.io.FilesKt__FilePathComponentsKt                                         : loaded 2 times (x 71B)
Class kotlin.reflect.KCallable                                                        : loaded 2 times (x 70B)
Class kotlin.coroutines.CoroutineContext$Element                                      : loaded 2 times (x 70B)
Class com.google.common.collect.ImmutableRangeSet$1                                   : loaded 2 times (x 210B)
Class com.google.common.collect.RegularImmutableAsList                                : loaded 2 times (x 217B)
Class kotlin.collections.AbstractIterator                                             : loaded 2 times (x 83B)
Class kotlin.text.CharsKt                                                             : loaded 2 times (x 71B)
Class com.google.common.collect.Range                                                 : loaded 2 times (x 87B)
Class com.google.common.util.concurrent.AbstractFuture$Trusted                        : loaded 2 times (x 70B)
Class com.google.common.collect.Iterators                                             : loaded 2 times (x 71B)
Class jdk.internal.jrtfs.JrtDirectoryStream$1                                         : loaded 2 times (x 83B)
Class kotlin.collections.MutableMapWithDefault                                        : loaded 2 times (x 70B)
Class kotlin.jvm.internal.IntCompanionObject                                          : loaded 2 times (x 71B)
Class kotlin.coroutines.ContinuationInterceptor$Key                                   : loaded 2 times (x 71B)
Class kotlin.text.DelimitedRangesSequence$iterator$1                                  : loaded 2 times (x 79B)
Class com.google.common.io.ByteSink$AsCharSink                                        : loaded 2 times (x 80B)
Class com.google.common.collect.Lists$StringAsImmutableList                           : loaded 2 times (x 207B)
Class com.google.common.util.concurrent.UncheckedExecutionException                   : loaded 2 times (x 82B)
Class org.gradle.kotlin.dsl.VersionCatalogAccessorsKt                                 : loaded 2 times (x 71B)
Class kotlin.io.path.IllegalFileNameException                                         : loaded 2 times (x 85B)
Class kotlin.jvm.internal.Ref$IntRef                                                  : loaded 2 times (x 71B)
Class kotlin.DeprecationLevel                                                         : loaded 2 times (x 79B)
Class kotlin.collections.ArraysKt___ArraysKt$asSequence$$inlined$Sequence$1           : loaded 2 times (x 75B)
Class kotlin.time.DurationUnitKt__DurationUnitJvmKt                                   : loaded 2 times (x 71B)
Class kotlin.jvm.JvmStatic                                                            : loaded 2 times (x 70B)
Class kotlin.collections.builders.SetBuilder$Companion                                : loaded 2 times (x 71B)
Class kotlin.collections.MapsKt__MapsJVMKt                                            : loaded 2 times (x 71B)
Class kotlin.collections.EmptyList                                                    : loaded 2 times (x 174B)
Class com.google.common.collect.HashMultimapGwtSerializationDependencies              : loaded 2 times (x 174B)
Class com.google.common.collect.AbstractMapBasedMultimap$KeySet$1                     : loaded 2 times (x 82B)
Class com.google.common.base.CharMatcher$And                                          : loaded 2 times (x 112B)
Class org.objectweb.asm.ClassWriter                                                   : loaded 2 times (x 106B)
Class com.google.common.cache.CacheLoader$UnsupportedLoadingOperationException        : loaded 2 times (x 82B)
Class org.gradle.internal.classloader.ClasspathUtil$1                                 : loaded 2 times (x 76B)
Class kotlin.collections.builders.ListBuilderKt                                       : loaded 2 times (x 71B)
Class kotlinx.coroutines.JobSupport                                                   : loaded 2 times (x 133B)
Class com.google.common.base.Objects                                                  : loaded 2 times (x 71B)
Class org.objectweb.asm.FieldVisitor                                                  : loaded 2 times (x 77B)
Class com.google.common.collect.IndexedImmutableSet                                   : loaded 2 times (x 152B)
Class com.google.common.collect.BiMap                                                 : loaded 2 times (x 70B)
Class com.google.common.collect.ImmutableMap$1                                        : loaded 2 times (x 81B)
Class org.gradle.api.internal.classpath.DefaultModuleRegistry$DefaultModule           : loaded 2 times (x 86B)
Class kotlin.ResultKt                                                                 : loaded 2 times (x 71B)
Class com.google.common.primitives.Ints                                               : loaded 2 times (x 71B)
Class com.google.common.collect.AbstractIterator                                      : loaded 2 times (x 82B)
Class kotlin.collections.IndexingIterable                                             : loaded 2 times (x 79B)
Class kotlin.Result$Failure                                                           : loaded 2 times (x 72B)
Class kotlinx.coroutines.ExecutorCoroutineDispatcher                                  : loaded 2 times (x 107B)
Class kotlin.collections.ArraysKt__ArraysKt                                           : loaded 2 times (x 71B)
Class com.google.common.collect.ObjectArrays                                          : loaded 2 times (x 71B)
Class com.google.common.math.MathPreconditions                                        : loaded 2 times (x 71B)
Class com.google.common.collect.Multiset                                              : loaded 2 times (x 70B)
Class com.google.common.collect.ArrayListMultimapGwtSerializationDependencies         : loaded 2 times (x 172B)
Class com.google.common.collect.AbstractIndexedListIterator                           : loaded 2 times (x 96B)
Class kotlinx.coroutines.Job                                                          : loaded 2 times (x 70B)
Class kotlin.collections.SetsKt__SetsJVMKt                                            : loaded 2 times (x 71B)
Class kotlin.Function                                                                 : loaded 2 times (x 70B)
Class com.google.common.collect.ImmutableMapEntrySet                                  : loaded 2 times (x 152B)
Class org.gradle.api.internal.classpath.Module                                        : loaded 2 times (x 70B)
Class kotlin.KotlinVersion                                                            : loaded 2 times (x 74B)
Class kotlin.reflect.KMutableProperty                                                 : loaded 2 times (x 70B)
Class kotlin.io.FileAlreadyExistsException                                            : loaded 2 times (x 82B)
Class kotlinx.coroutines.internal.DispatchedContinuationKt                            : loaded 2 times (x 71B)
Class kotlin.internal.ProgressionUtilKt                                               : loaded 2 times (x 71B)
Class com.google.common.cache.Weigher                                                 : loaded 2 times (x 70B)
Class org.gradle.api.internal.classpath.UnknownModuleException                        : loaded 2 times (x 82B)
Class kotlin.sequences.DistinctIterator                                               : loaded 2 times (x 83B)
Class kotlin.jvm.internal.PropertyReference                                           : loaded 2 times (x 115B)
Class kotlinx.coroutines.internal.LockFreeTaskQueueCore                               : loaded 2 times (x 72B)
Class org.jetbrains.kotlin.config.ApiVersion                                          : loaded 2 times (x 86B)
Class com.google.common.base.Stopwatch                                                : loaded 2 times (x 72B)
Class com.google.common.cache.LocalCache$Strength                                     : loaded 2 times (x 81B)
Class com.google.common.cache.Cache                                                   : loaded 2 times (x 70B)
Class com.google.gson.stream.JsonReader$1                                             : loaded 2 times (x 72B)
Class kotlin.collections.IndexingIterator                                             : loaded 2 times (x 79B)
Class kotlin.coroutines.CombinedContext                                               : loaded 2 times (x 78B)
Class com.google.common.base.NullnessCasts                                            : loaded 2 times (x 71B)
Class com.google.common.util.concurrent.AbstractFuture$Cancellation                   : loaded 2 times (x 72B)
Class com.google.common.collect.ImmutableMap$Builder                                  : loaded 2 times (x 82B)
Class [Lkotlin.reflect.KAnnotatedElement;                                             : loaded 2 times (x 69B)
Class com.google.common.collect.AbstractMapBasedMultimap$WrappedCollection$WrappedIterator: loaded 2 times (x 84B)
Class com.google.common.cache.RemovalListener                                         : loaded 2 times (x 70B)
Class org.gradle.api.internal.DefaultClassPathRegistry                                : loaded 2 times (x 76B)
Class kotlin.annotation.AnnotationTarget                                              : loaded 2 times (x 79B)
Class kotlin.jvm.internal.ShortCompanionObject                                        : loaded 2 times (x 71B)
Class kotlin.jvm.JvmClassMappingKt                                                    : loaded 2 times (x 71B)
Class kotlin.jvm.internal.Reflection                                                  : loaded 2 times (x 71B)
Class kotlin.reflect.KProperty                                                        : loaded 2 times (x 70B)
Class kotlin.ranges.ClosedRange                                                       : loaded 2 times (x 70B)
Class com.google.common.primitives.IntsMethodsForWeb                                  : loaded 2 times (x 71B)
Class com.google.common.collect.Multimap                                              : loaded 2 times (x 70B)
Class org.gradle.api.internal.ClassPathRegistry                                       : loaded 2 times (x 70B)
Class org.gradle.internal.classpath.DefaultClassPath$ImmutableUniqueList              : loaded 2 times (x 199B)
Class kotlin.jvm.internal.TypeIntrinsics                                              : loaded 2 times (x 71B)
Class kotlin.collections.IntIterator                                                  : loaded 2 times (x 82B)
Class kotlinx.coroutines.DispatchedTaskKt                                             : loaded 2 times (x 71B)
Class kotlinx.coroutines.internal.SystemPropsKt__SystemProps_commonKt                 : loaded 2 times (x 71B)
Class kotlinx.coroutines.ThreadContextElement                                         : loaded 2 times (x 70B)
Class kotlin.text.StringsKt__StringsJVMKt                                             : loaded 2 times (x 71B)
Class com.google.common.collect.MapMakerInternalMap$Segment                           : loaded 2 times (x 142B)
Class com.google.common.base.ExtraObjectsMethodsForWeb                                : loaded 2 times (x 71B)
Class kotlin.time.DurationUnit                                                        : loaded 2 times (x 79B)
Class kotlin.text.StringsKt__IndentKt                                                 : loaded 2 times (x 71B)
Class kotlin.collections.SetsKt                                                       : loaded 2 times (x 71B)
Class com.google.common.io.ByteSink                                                   : loaded 2 times (x 76B)
Class com.google.common.cache.CacheBuilder                                            : loaded 2 times (x 72B)
Class com.google.common.collect.SingletonImmutableList                                : loaded 2 times (x 207B)
Class Settings_gradle$1                                                               : loaded 2 times (x 74B)
Class org.gradle.internal.classpath.ClassPath                                         : loaded 2 times (x 70B)
Class kotlin.sequences.TakeWhileSequence$iterator$1                                   : loaded 2 times (x 79B)
Class kotlin.collections.ArrayDeque                                                   : loaded 2 times (x 207B)
Class kotlin.reflect.KFunction                                                        : loaded 2 times (x 70B)
Class com.google.common.collect.Interners$InternerBuilder                             : loaded 2 times (x 76B)
Class com.google.common.io.Files$FileByteSource                                       : loaded 2 times (x 85B)
Class com.google.common.base.JdkPattern                                               : loaded 2 times (x 75B)
Class com.google.common.collect.ImmutableList$ReverseImmutableList                    : loaded 2 times (x 209B)
Class kotlin.time.DurationUnitKt__DurationUnitKt                                      : loaded 2 times (x 71B)
Class [Lkotlin.reflect.KDeclarationContainer;                                         : loaded 2 times (x 69B)
Class [Lkotlinx.coroutines.CoroutineStart;                                            : loaded 2 times (x 69B)
Class kotlinx.coroutines.CoroutineDispatcher$Key                                      : loaded 2 times (x 72B)
Class kotlin.jvm.internal.Lambda                                                      : loaded 2 times (x 75B)
Class kotlin.collections.MapsKt__MapsKt                                               : loaded 2 times (x 71B)
Class org.jetbrains.kotlin.cli.common.arguments.Freezable                             : loaded 2 times (x 72B)
Class org.objectweb.asm.SymbolTable$Entry                                             : loaded 2 times (x 74B)
Class com.google.gson.internal.JsonReaderInternalAccess                               : loaded 2 times (x 72B)
Class org.objectweb.asm.Edge                                                          : loaded 2 times (x 72B)
Class com.google.common.base.Suppliers$SupplierOfInstance                             : loaded 2 times (x 79B)
Class com.google.common.collect.Iterators$1                                           : loaded 2 times (x 81B)
Class kotlin.properties.Delegates                                                     : loaded 2 times (x 71B)
Class kotlin.Metadata                                                                 : loaded 2 times (x 70B)
Class kotlin.collections.AbstractMutableSet                                           : loaded 2 times (x 142B)
Class com.google.devtools.ksp.processing.KSPJvmConfig                                 : loaded 2 times (x 72B)
Class kotlin.UninitializedPropertyAccessException                                     : loaded 2 times (x 82B)
Class com.google.common.cache.LocalCache$ComputingValueReference                      : loaded 2 times (x 96B)
Class com.google.common.collect.SingletonImmutableSet                                 : loaded 2 times (x 146B)
Class com.google.common.collect.ImmutableMap$IteratorBasedImmutableMap                : loaded 2 times (x 126B)
Class kotlin.reflect.KProperty$Getter                                                 : loaded 2 times (x 70B)
Class com.google.common.cache.LocalCache$Segment                                      : loaded 2 times (x 154B)
Class kotlin.time.DurationJvmKt                                                       : loaded 2 times (x 71B)
Class kotlin.SafePublicationLazyImpl                                                  : loaded 2 times (x 76B)
Class com.google.common.collect.SortedIterable                                        : loaded 2 times (x 70B)
Class com.google.common.collect.AbstractListMultimap                                  : loaded 2 times (x 172B)
Class [Lorg.objectweb.asm.SymbolTable$Entry;                                          : loaded 2 times (x 69B)
Class com.google.common.cache.CacheLoader                                             : loaded 2 times (x 74B)
Class com.google.common.collect.Iterators$4                                           : loaded 2 times (x 82B)
Class com.google.common.collect.ImmutableBiMap                                        : loaded 2 times (x 143B)
Class org.gradle.api.internal.classpath.ModuleRegistry                                : loaded 2 times (x 70B)
Class org.gradle.internal.installation.GradleInstallation$1                           : loaded 2 times (x 75B)
Class kotlin.jvm.internal.DoubleCompanionObject                                       : loaded 2 times (x 71B)
Class com.google.devtools.ksp.processing.KSPLogger                                    : loaded 2 times (x 70B)
Class com.google.common.base.Splitter$SplittingIterator                               : loaded 2 times (x 84B)
Class com.google.common.collect.ImmutableSet$JdkBackedSetBuilderImpl                  : loaded 2 times (x 76B)
Class com.google.common.util.concurrent.internal.InternalFutureFailureAccess          : loaded 2 times (x 72B)
Class com.google.common.collect.Iterators$5                                           : loaded 2 times (x 82B)
Class [Lkotlin.jvm.internal.markers.KMappedMarker;                                    : loaded 2 times (x 69B)
Class kotlin.time.Duration$Companion                                                  : loaded 2 times (x 71B)
Class kotlin.coroutines.intrinsics.IntrinsicsKt__IntrinsicsKt                         : loaded 2 times (x 71B)
Class kotlinx.coroutines.Job$Key                                                      : loaded 2 times (x 71B)
Class com.google.common.base.CharMatcher$ForPredicate                                 : loaded 2 times (x 112B)
Class com.google.common.cache.LocalCache$LocalManualCache$1                           : loaded 2 times (x 75B)
Class kotlin.io.FilesKt__UtilsKt                                                      : loaded 2 times (x 71B)
Class kotlin.collections.CollectionsKt__CollectionsJVMKt                              : loaded 2 times (x 71B)
Class com.google.common.base.CharMatcher$AnyOf                                        : loaded 2 times (x 112B)
Class com.google.common.collect.ImmutableCollection                                   : loaded 2 times (x 125B)
Class org.gradle.api.internal.classpath.DefaultModuleRegistry                         : loaded 2 times (x 86B)
Class kotlin.collections.AbstractMutableMap                                           : loaded 2 times (x 128B)
Class kotlin.collections.IndexedValue                                                 : loaded 2 times (x 72B)
Class kotlin.KotlinVersionCurrentValue                                                : loaded 2 times (x 71B)
Class kotlin.collections.builders.MapBuilder$Itr                                      : loaded 2 times (x 72B)
Class kotlinx.coroutines.EventLoop                                                    : loaded 2 times (x 105B)
Class kotlin.sequences.SequencesKt                                                    : loaded 2 times (x 71B)
Class kotlin.collections.AbstractSet                                                  : loaded 2 times (x 135B)
Class kotlin.collections.CollectionsKt__IteratorsKt                                   : loaded 2 times (x 71B)
Class com.google.common.collect.Lists                                                 : loaded 2 times (x 71B)
Class com.google.common.util.concurrent.ListenableFuture                              : loaded 2 times (x 70B)
Class com.google.common.cache.ReferenceEntry                                          : loaded 2 times (x 70B)
Class com.google.common.base.Converter                                                : loaded 2 times (x 90B)
Class com.google.common.collect.ImmutableSet$CachingAsList                            : loaded 2 times (x 148B)
Class jdk.internal.jimage.BasicImageReader$2                                          : loaded 2 times (x 77B)
Class kotlin.properties.NotNullVar                                                    : loaded 2 times (x 79B)
Class kotlin.jvm.internal.markers.KMutableSet                                         : loaded 2 times (x 70B)
Class kotlin.text.StringsKt                                                           : loaded 2 times (x 71B)
Class com.google.common.collect.AbstractMapBasedMultimap                              : loaded 2 times (x 139B)
Class com.google.common.util.concurrent.AbstractFuture                                : loaded 2 times (x 106B)
Class com.google.common.base.FunctionalEquivalence                                    : loaded 2 times (x 83B)
Class com.google.gson.Strictness                                                      : loaded 2 times (x 79B)
Class com.google.common.collect.Iterators$9                                           : loaded 2 times (x 81B)
Class com.google.common.collect.ImmutableAsList                                       : loaded 2 times (x 209B)
Class kotlin.coroutines.jvm.internal.RestrictedContinuationImpl                       : loaded 2 times (x 87B)
Class kotlin.coroutines.CoroutineContext$Key                                          : loaded 2 times (x 70B)
Class kotlin.LazyKt__LazyJVMKt                                                        : loaded 2 times (x 71B)
Class org.objectweb.asm.RecordComponentVisitor                                        : loaded 2 times (x 77B)
Class com.google.common.cache.CacheLoader$SupplierToCacheLoader                       : loaded 2 times (x 75B)
Class jdk.internal.jimage.ImageReader$Resource                                        : loaded 2 times (x 84B)
Class [Lkotlin.Pair;                                                                  : loaded 2 times (x 69B)
Class kotlin.jvm.internal.markers.KMutableList                                        : loaded 2 times (x 70B)
Class kotlin.io.FilesKt__FileReadWriteKt                                              : loaded 2 times (x 71B)
Class kotlinx.coroutines.ChildJob                                                     : loaded 2 times (x 70B)
Class kotlinx.coroutines.scheduling.TasksKt                                           : loaded 2 times (x 71B)
Class kotlinx.coroutines.internal.SystemPropsKt__SystemPropsKt                        : loaded 2 times (x 71B)
Class kotlin.text.StringsKt__StringNumberConversionsKt                                : loaded 2 times (x 71B)
Class com.google.common.collect.Maps$EntryTransformer                                 : loaded 2 times (x 70B)
Class org.gradle.internal.service.ServiceLookupException                              : loaded 2 times (x 82B)
Class jdk.internal.jrtfs.JrtFileAttributes                                            : loaded 2 times (x 83B)
Class [Lkotlin.sequences.Sequence;                                                    : loaded 2 times (x 69B)
Class kotlin.jvm.internal.MutablePropertyReference1Impl                               : loaded 2 times (x 137B)
Class kotlinx.coroutines.ChildHandleNode                                              : loaded 2 times (x 94B)
Class kotlinx.coroutines.scheduling.SchedulerCoroutineDispatcher                      : loaded 2 times (x 108B)
Class com.google.common.collect.ImmutableSortedSet                                    : loaded 2 times (x 300B)
Class [Lcom.google.common.cache.LocalCache$EntryFactory;                              : loaded 2 times (x 69B)
Class org.gradle.internal.classloader.ClassLoaderFactory                              : loaded 2 times (x 70B)
Class kotlin.jvm.internal.EnumCompanionObject                                         : loaded 2 times (x 71B)
Class com.google.common.base.CommonPattern                                            : loaded 2 times (x 74B)
Class com.google.common.base.CharMatcher$IsNot                                        : loaded 2 times (x 111B)
Class com.google.common.cache.LocalCache$LocalManualCache                             : loaded 2 times (x 99B)
Class org.gradle.internal.service.CachingServiceLocator                               : loaded 2 times (x 82B)
Class kotlin.io.path.PathsKt__PathRecursiveFunctionsKt                                : loaded 2 times (x 71B)
Class com.google.devtools.ksp.processing.KSPCommonConfig                              : loaded 2 times (x 72B)
Class kotlin.jvm.internal.CallableReference                                           : loaded 2 times (x 106B)
Class kotlin.collections.AbstractMap                                                  : loaded 2 times (x 122B)
Class kotlin.collections.AbstractList$IteratorImpl                                    : loaded 2 times (x 82B)
Class com.google.common.collect.AbstractMapBasedMultimap$KeySet                       : loaded 2 times (x 137B)
Class com.google.common.collect.RegularImmutableSortedSet                             : loaded 2 times (x 300B)
Class com.google.common.math.IntMath                                                  : loaded 2 times (x 71B)
Class kotlin.properties.ReadOnlyProperty                                              : loaded 2 times (x 70B)
Class kotlin.jvm.internal.markers.KMutableMap                                         : loaded 2 times (x 70B)
Class kotlinx.coroutines.BlockingEventLoop                                            : loaded 2 times (x 117B)
Class kotlin.coroutines.AbstractCoroutineContextElement                               : loaded 2 times (x 89B)
Class kotlinx.coroutines.ThreadLocalEventLoop                                         : loaded 2 times (x 71B)
Class kotlin.ranges.IntRange                                                          : loaded 2 times (x 93B)
Class com.google.common.collect.MapMakerInternalMap$InternalEntry                     : loaded 2 times (x 70B)
Class com.google.common.collect.ImmutableMapEntry                                     : loaded 2 times (x 85B)
Class kotlin.sequences.DropWhileSequence                                              : loaded 2 times (x 75B)
Class kotlinx.coroutines.CompletionStateKt                                            : loaded 2 times (x 71B)
Class kotlin.enums.EnumEntries                                                        : loaded 2 times (x 70B)
Class com.google.common.base.Equivalence                                              : loaded 2 times (x 82B)
Class com.google.common.base.Function                                                 : loaded 2 times (x 70B)
Class com.google.common.collect.ImmutableMapEntry$NonTerminalImmutableMapEntry        : loaded 2 times (x 85B)
Class kotlin.jvm.internal.markers.KMutableListIterator                                : loaded 2 times (x 70B)
Class kotlinx.coroutines.CoroutineDispatcher                                          : loaded 2 times (x 99B)
Class [Lorg.jetbrains.kotlin.cli.common.CompilerSystemProperties;                     : loaded 2 times (x 69B)
Class com.google.common.collect.IndexedImmutableSet$1                                 : loaded 2 times (x 213B)
Class com.google.common.cache.CacheBuilder$OneWeigher                                 : loaded 2 times (x 82B)
Class com.google.common.collect.RegularImmutableList                                  : loaded 2 times (x 213B)
Class org.gradle.internal.classloader.ClasspathUtil                                   : loaded 2 times (x 71B)
Class kotlin.jvm.internal.PropertyReference0                                          : loaded 2 times (x 127B)
Class kotlin.sequences.EmptySequence                                                  : loaded 2 times (x 78B)
Class kotlin.io.FileSystemException                                                   : loaded 2 times (x 82B)
Class kotlin.collections.builders.SetBuilder                                          : loaded 2 times (x 143B)
Class kotlinx.coroutines.NonDisposableHandle                                          : loaded 2 times (x 78B)
Class com.google.common.util.concurrent.Uninterruptibles                              : loaded 2 times (x 71B)
Class kotlin.jvm.internal.DefaultConstructorMarker                                    : loaded 2 times (x 71B)
Class kotlin.sequences.DistinctSequence                                               : loaded 2 times (x 75B)
Class kotlin.jvm.internal.PropertyReference1                                          : loaded 2 times (x 127B)
Class com.google.common.collect.AbstractMapBasedMultimap$WrappedSet                   : loaded 2 times (x 142B)
Class com.google.common.util.concurrent.LazyLogger                                    : loaded 2 times (x 72B)
Class com.google.common.collect.Maps                                                  : loaded 2 times (x 71B)
Class org.gradle.api.specs.Spec                                                       : loaded 2 times (x 70B)
Class jdk.internal.jimage.ImageReader$SharedImageReader$LocationVisitor               : loaded 2 times (x 70B)
Class kotlin.jvm.internal.MutablePropertyReference                                    : loaded 2 times (x 119B)
Class kotlin.UnsafeLazyImpl                                                           : loaded 2 times (x 76B)
Class kotlin.LazyKt__LazyJVMKt$WhenMappings                                           : loaded 2 times (x 71B)
Class com.google.common.collect.MapMaker                                              : loaded 2 times (x 72B)
Class [Lcom.google.common.collect.ImmutableEntry;                                     : loaded 2 times (x 69B)
Class kotlin.jvm.internal.ArrayIterator                                               : loaded 2 times (x 79B)
Class kotlin.LazyThreadSafetyMode                                                     : loaded 2 times (x 79B)
Class kotlinx.coroutines.CoroutineContextKt                                           : loaded 2 times (x 71B)
Class com.google.common.cache.LocalCache$LoadingValueReference                        : loaded 2 times (x 96B)
Class kotlin.jvm.internal.SpreadBuilder                                               : loaded 2 times (x 76B)
Class kotlin.collections.EmptyIterator                                                : loaded 2 times (x 89B)
Class kotlinx.coroutines.internal.DispatchedContinuation                              : loaded 2 times (x 90B)
Class kotlinx.coroutines.internal.Symbol                                              : loaded 2 times (x 72B)
Class kotlin.text.StringsKt__RegexExtensionsKt                                        : loaded 2 times (x 71B)
Class kotlin.SynchronizedLazyImpl                                                     : loaded 2 times (x 76B)
Class Build_gradle$1                                                                  : loaded 2 times (x 75B)
Class com.google.common.collect.MapMakerInternalMap$StrongKeyDummyValueEntry          : loaded 2 times (x 82B)
Class com.google.common.base.Platform                                                 : loaded 2 times (x 71B)
Class kotlin.jvm.internal.CharCompanionObject                                         : loaded 2 times (x 71B)
Class kotlin.io.FilePathComponents                                                    : loaded 2 times (x 72B)
Class kotlin.coroutines.jvm.internal.RestrictedSuspendLambda                          : loaded 2 times (x 91B)
Class kotlin.sequences.SequencesKt__SequencesJVMKt                                    : loaded 2 times (x 71B)
Class kotlin.collections.AbstractList                                                 : loaded 2 times (x 197B)
Class kotlin.collections.AbstractCollection                                           : loaded 2 times (x 117B)
Class com.google.devtools.ksp.processing.KspGradleLogger$Companion                    : loaded 2 times (x 71B)
Class com.google.common.collect.AbstractMapBasedMultimap$WrappedList                  : loaded 2 times (x 205B)
Class [Lorg.objectweb.asm.AnnotationWriter;                                           : loaded 2 times (x 69B)
Class com.google.common.collect.Maps$8                                                : loaded 2 times (x 82B)
Class kotlin.collections.MutableMapWithDefaultImpl                                    : loaded 2 times (x 144B)
Class kotlin.text.Regex                                                               : loaded 2 times (x 72B)
Class kotlin.Triple                                                                   : loaded 2 times (x 72B)
Class kotlin.sequences.SequencesKt__SequenceBuilderKt$sequence$$inlined$Sequence$1    : loaded 2 times (x 75B)
Class kotlinx.coroutines.EventLoopKt                                                  : loaded 2 times (x 71B)
Class kotlin.text.StringsKt__StringBuilderJVMKt                                       : loaded 2 times (x 71B)
Class kotlin.collections.ArrayAsCollection                                            : loaded 2 times (x 105B)
Class kotlin.LazyKt__LazyKt                                                           : loaded 2 times (x 71B)
Class [Lcom.google.common.collect.Iterators$EmptyModifiableIterator;                  : loaded 2 times (x 69B)
Class com.google.common.collect.ImmutableRangeSet$Builder                             : loaded 2 times (x 77B)
Class com.google.common.collect.Sets$SetView                                          : loaded 2 times (x 138B)
Class com.google.common.cache.LocalCache$StrongValueReference                         : loaded 2 times (x 90B)
Class kotlin.jvm.internal.Ref$ObjectRef                                               : loaded 2 times (x 72B)
Class kotlin.jvm.internal.ReflectionFactory                                           : loaded 2 times (x 91B)
Class kotlin.UNINITIALIZED_VALUE                                                      : loaded 2 times (x 71B)
Class com.google.common.graph.SuccessorsFunction                                      : loaded 2 times (x 70B)
Class [Lcom.google.gson.stream.JsonToken;                                             : loaded 2 times (x 69B)
Class org.objectweb.asm.Type                                                          : loaded 2 times (x 72B)
Class org.gradle.internal.classloader.VisitableURLClassLoader$InstrumentingVisitableURLClassLoader: loaded 2 times (x 123B)
Class kotlin.collections.ReversedListReadOnly$listIterator$1                          : loaded 2 times (x 90B)
Class kotlin.comparisons.ComparisonsKt__ComparisonsKt                                 : loaded 2 times (x 71B)
Class kotlin.jvm.internal.ClassBasedDeclarationContainer                              : loaded 2 times (x 70B)
Class kotlinx.coroutines.Job$DefaultImpls                                             : loaded 2 times (x 71B)
Class kotlin.coroutines.CoroutineContext$Element$DefaultImpls                         : loaded 2 times (x 71B)
Class kotlin.coroutines.Continuation                                                  : loaded 2 times (x 70B)
Class kotlin.ranges.RangesKt__RangesKt                                                : loaded 2 times (x 71B)
Class kotlin.sequences.SequencesKt__SequencesKt                                       : loaded 2 times (x 71B)
Class kotlin.collections.SetsKt___SetsKt                                              : loaded 2 times (x 71B)
Class com.google.common.collect.MapMakerInternalMap$StrongKeyDummyValueEntry$Helper   : loaded 2 times (x 79B)
Class com.google.common.io.Files$FileByteSink                                         : loaded 2 times (x 77B)
Class com.google.common.math.IntMath$1                                                : loaded 2 times (x 71B)
Class org.objectweb.asm.ByteVector                                                    : loaded 2 times (x 79B)
Class [Lcom.google.common.cache.CacheBuilder$NullListener;                            : loaded 2 times (x 69B)
Class org.gradle.internal.classloader.VisitableURLClassLoader$Spec                    : loaded 2 times (x 74B)
Class org.gradle.internal.classpath.DefaultClassPath                                  : loaded 2 times (x 90B)
Class kotlin.comparisons.ComparisonsKt                                                : loaded 2 times (x 71B)
Class kotlin.comparisons.ComparisonsKt___ComparisonsKt                                : loaded 2 times (x 71B)
Class kotlin.Result$Companion                                                         : loaded 2 times (x 71B)
Class kotlin.coroutines.jvm.internal.BaseContinuationImpl                             : loaded 2 times (x 87B)
Class kotlin.text.CharsKt__CharJVMKt                                                  : loaded 2 times (x 71B)
Class kotlin.sequences.FilteringSequence                                              : loaded 2 times (x 75B)
Class com.google.devtools.ksp.processing.KspGradleLogger                              : loaded 2 times (x 79B)
Class com.google.common.base.AbstractIterator                                         : loaded 2 times (x 80B)
Class org.objectweb.asm.Symbol                                                        : loaded 2 times (x 73B)
Class kotlin.UInt$Companion                                                           : loaded 2 times (x 71B)
Class kotlin.UInt                                                                     : loaded 2 times (x 74B)
Class kotlin.reflect.KType                                                            : loaded 2 times (x 70B)
Class com.google.common.io.Closer                                                     : loaded 2 times (x 78B)
Class org.jetbrains.kotlin.config.ApiVersion$Companion                                : loaded 2 times (x 71B)
Class com.google.common.base.CharMatcher$BitSetMatcher                                : loaded 2 times (x 112B)
Class [Lcom.google.gson.Strictness;                                                   : loaded 2 times (x 69B)
Class com.google.common.collect.RegularImmutableMap$Values                            : loaded 2 times (x 207B)
Class com.google.common.collect.ImmutableSet                                          : loaded 2 times (x 145B)
Class org.gradle.internal.classloader.ClassLoaderSpec                                 : loaded 2 times (x 71B)
Class kotlin.jvm.internal.LongCompanionObject                                         : loaded 2 times (x 71B)
Class kotlin.collections.ReversedListReadOnly                                         : loaded 2 times (x 198B)
Class kotlin.jvm.internal.FunctionReferenceImpl                                       : loaded 2 times (x 122B)
Class kotlin.text.DelimitedRangesSequence                                             : loaded 2 times (x 75B)
Class kotlin.collections.CollectionsKt___CollectionsJvmKt                             : loaded 2 times (x 71B)
Class org.objectweb.asm.AnnotationWriter                                              : loaded 2 times (x 79B)
Class com.google.common.cache.CacheStats                                              : loaded 2 times (x 71B)
Class kotlin.jdk7.AutoCloseableKt                                                     : loaded 2 times (x 71B)
Class kotlin.time.DurationKt                                                          : loaded 2 times (x 71B)
Class kotlin.TuplesKt                                                                 : loaded 2 times (x 71B)
Class kotlin.jvm.internal.markers.KMutableIterable                                    : loaded 2 times (x 70B)
Class kotlinx.coroutines.CoroutineStart$WhenMappings                                  : loaded 2 times (x 71B)
Class kotlin.sequences.SequencesKt___SequencesJvmKt                                   : loaded 2 times (x 71B)
Class kotlin.Unit                                                                     : loaded 2 times (x 71B)
Class com.google.common.collect.Interners                                             : loaded 2 times (x 71B)
Class com.google.common.io.Closer$Suppressor                                          : loaded 2 times (x 70B)
Class com.google.common.io.LineProcessor                                              : loaded 2 times (x 70B)
Class com.google.common.base.CharMatcher$Or                                           : loaded 2 times (x 112B)
Class org.objectweb.asm.RecordComponentWriter                                         : loaded 2 times (x 78B)
Class com.google.common.util.concurrent.AbstractFuture$Listener                       : loaded 2 times (x 72B)
Class Settings_gradle$1$1                                                             : loaded 2 times (x 74B)
Class kotlin.ranges.RangesKt                                                          : loaded 2 times (x 71B)
Class kotlin.collections.AbstractSet$Companion                                        : loaded 2 times (x 71B)
Class org.objectweb.asm.Attribute                                                     : loaded 2 times (x 77B)
Class com.google.common.base.Supplier                                                 : loaded 2 times (x 70B)
Class org.gradle.internal.classloader.VisitableURLClassLoader                         : loaded 2 times (x 117B)
Class [Lkotlin.DeprecationLevel;                                                      : loaded 2 times (x 69B)
Class kotlin.sequences.GeneratorSequence                                              : loaded 2 times (x 75B)
Class kotlin.sequences.FlatteningSequence$iterator$1                                  : loaded 2 times (x 79B)
Class kotlin.collections.ArraysUtilJVM                                                : loaded 2 times (x 71B)
Class kotlin.jvm.functions.Function0                                                  : loaded 2 times (x 70B)
Class Settings_gradle                                                                 : loaded 2 times (x 124B)
Class org.gradle.internal.Cast                                                        : loaded 2 times (x 71B)
Class org.gradle.api.Action                                                           : loaded 2 times (x 70B)
Class kotlin.properties.ReadWriteProperty                                             : loaded 2 times (x 70B)
Class kotlin.collections.AbstractMutableList                                          : loaded 2 times (x 206B)
Class kotlinx.coroutines.CompletedExceptionally                                       : loaded 2 times (x 72B)
Class kotlin.coroutines.AbstractCoroutineContextKey                                   : loaded 2 times (x 72B)
Class kotlin.jvm.functions.Function1                                                  : loaded 2 times (x 70B)
Class com.google.common.collect.MapMakerInternalMap                                   : loaded 2 times (x 161B)
Class com.google.common.base.Strings                                                  : loaded 2 times (x 71B)
Class com.google.common.collect.Sets                                                  : loaded 2 times (x 71B)
Class org.objectweb.asm.Handler                                                       : loaded 2 times (x 72B)
Class com.google.common.base.CharMatcher$FastMatcher                                  : loaded 2 times (x 111B)
Class com.google.common.base.Ticker                                                   : loaded 2 times (x 72B)
Class kotlin.jvm.internal.markers.KMutableIterator                                    : loaded 2 times (x 70B)
Class kotlin.jvm.functions.Function2                                                  : loaded 2 times (x 70B)
Class kotlin.KotlinNothingValueException                                              : loaded 2 times (x 82B)
Class com.google.devtools.ksp.processing.KSPConfig                                    : loaded 2 times (x 72B)
Class [Lcom.google.common.cache.LocalCache$Segment;                                   : loaded 2 times (x 69B)
Class com.google.common.base.Predicate                                                : loaded 2 times (x 70B)
Class [Lcom.google.common.cache.LocalCache$Strength;                                  : loaded 2 times (x 69B)
Class com.google.common.cache.CacheBuilder$1                                          : loaded 2 times (x 85B)
Class com.google.common.collect.ImmutableMap                                          : loaded 2 times (x 120B)
Class org.gradle.internal.classpath.DefaultClassPath$ImmutableUniqueList$Builder      : loaded 2 times (x 75B)
Class kotlin.jvm.functions.Function3                                                  : loaded 2 times (x 70B)
Class kotlin.io.FileTreeWalk$WalkState                                                : loaded 2 times (x 73B)
Class kotlinx.coroutines.CoroutineStart                                               : loaded 2 times (x 79B)
Class kotlin.collections.MapsKt___MapsJvmKt                                           : loaded 2 times (x 71B)
Class com.google.common.collect.MapMakerInternalMap$WeakValueReference                : loaded 2 times (x 70B)
Class com.google.gson.stream.JsonToken                                                : loaded 2 times (x 79B)
Class com.google.common.collect.AbstractRangeSet                                      : loaded 2 times (x 114B)
Class com.google.common.base.CharMatcher$NegatedFastMatcher                           : loaded 2 times (x 113B)
Class com.google.common.cache.LocalCache                                              : loaded 2 times (x 187B)
Class com.google.common.cache.CacheBuilder$2                                          : loaded 2 times (x 79B)
Class kotlin.annotation.Target                                                        : loaded 2 times (x 70B)
Class kotlin.jvm.functions.Function4                                                  : loaded 2 times (x 70B)
Class kotlinx.coroutines.CoroutineId                                                  : loaded 2 times (x 93B)
Class kotlinx.coroutines.EventLoopImplBase                                            : loaded 2 times (x 117B)
Class kotlin.collections.EmptySet                                                     : loaded 2 times (x 122B)
Class kotlin.collections.CollectionsKt___CollectionsKt                                : loaded 2 times (x 71B)
Class org.jetbrains.kotlin.cli.common.arguments.K2JVMCompilerArguments                : loaded 2 times (x 76B)
Class com.google.common.collect.ArrayListMultimap                                     : loaded 2 times (x 172B)
Class com.google.common.cache.CacheBuilder$3                                          : loaded 2 times (x 72B)
Class [Lcom.google.common.collect.AbstractMapEntry;                                   : loaded 2 times (x 69B)
Class com.google.common.collect.ImmutableEntry                                        : loaded 2 times (x 82B)
Class org.gradle.api.GradleException                                                  : loaded 2 times (x 82B)
Class kotlin.annotation.Retention                                                     : loaded 2 times (x 70B)
Class kotlin.jvm.functions.Function5                                                  : loaded 2 times (x 70B)
Class kotlin.reflect.KDeclarationContainer                                            : loaded 2 times (x 70B)
Class kotlin.collections.AbstractMap$Companion                                        : loaded 2 times (x 71B)
Class kotlin.text.StringsKt___StringsJvmKt                                            : loaded 2 times (x 71B)
Class com.google.common.collect.CollectPreconditions                                  : loaded 2 times (x 71B)
Class kotlin.jvm.functions.Function6                                                  : loaded 2 times (x 70B)
Class kotlin.io.FilesKt                                                               : loaded 2 times (x 71B)
Class kotlinx.coroutines.Unconfined                                                   : loaded 2 times (x 99B)
Class kotlinx.coroutines.GlobalScope                                                  : loaded 2 times (x 74B)
Class kotlin.collections.ArraysKt___ArraysKt                                          : loaded 2 times (x 71B)
Class kotlin.collections.MapsKt___MapsKt                                              : loaded 2 times (x 71B)
Class [Lcom.google.common.collect.MapMakerInternalMap$Strength;                       : loaded 2 times (x 69B)
Class [Lcom.google.common.io.FileWriteMode;                                           : loaded 2 times (x 69B)
Class com.google.common.collect.SortedMapDifference                                   : loaded 2 times (x 70B)
Class [Lkotlin.time.DurationUnit;                                                     : loaded 2 times (x 69B)
Class kotlin.jvm.functions.Function7                                                  : loaded 2 times (x 70B)
Class kotlin.collections.builders.MapBuilder$KeysItr                                  : loaded 2 times (x 81B)
Class kotlin.sequences.SequencesKt___SequencesKt$asIterable$$inlined$Iterable$1       : loaded 2 times (x 79B)
Class kotlinx.coroutines.AbstractCoroutine                                            : loaded 2 times (x 144B)
Class kotlin.collections.MapsKt__MapWithDefaultKt                                     : loaded 2 times (x 71B)
Class com.google.common.collect.MapMakerInternalMap$StrongKeyDummyValueSegment        : loaded 2 times (x 142B)
Class com.google.common.io.Files                                                      : loaded 2 times (x 71B)
Class com.google.common.cache.LocalCache$WriteThroughEntry                            : loaded 2 times (x 79B)
Class com.google.common.cache.LocalCache$HashIterator                                 : loaded 2 times (x 86B)
Class org.jetbrains.kotlin.cli.common.arguments.CommonCompilerArguments               : loaded 2 times (x 75B)
Class com.google.common.cache.LocalCache$EntryFactory                                 : loaded 2 times (x 83B)
Class [Lkotlin.annotation.AnnotationRetention;                                        : loaded 2 times (x 69B)
Class kotlin.jvm.functions.Function8                                                  : loaded 2 times (x 70B)
Class kotlin.collections.builders.MapBuilder$Companion                                : loaded 2 times (x 71B)
Class kotlin.text.StringsKt___StringsKt                                               : loaded 2 times (x 71B)
Class kotlin.collections.CollectionsKt__MutableCollectionsJVMKt                       : loaded 2 times (x 71B)
Class kotlin.enums.EnumEntriesKt                                                      : loaded 2 times (x 71B)
Class [Lcom.google.common.collect.MapMaker$Dummy;                                     : loaded 2 times (x 69B)
Class com.google.common.base.CharMatcher$Whitespace                                   : loaded 2 times (x 112B)
Class com.google.common.cache.LocalCache$AbstractReferenceEntry                       : loaded 2 times (x 107B)
Class org.gradle.internal.IoActions                                                   : loaded 2 times (x 71B)
Class kotlin.io.path.PathsKt__PathReadWriteKt                                         : loaded 2 times (x 71B)
Class kotlin.annotation.MustBeDocumented                                              : loaded 2 times (x 70B)
Class kotlin.jvm.functions.Function10                                                 : loaded 2 times (x 70B)
Class kotlin.jvm.functions.Function9                                                  : loaded 2 times (x 70B)
Class [Lkotlin.reflect.KClassifier;                                                   : loaded 2 times (x 69B)
Class [Lkotlin.LazyThreadSafetyMode;                                                  : loaded 2 times (x 69B)
Class com.google.common.collect.ImmutableMapKeySet                                    : loaded 2 times (x 152B)
Class com.google.common.collect.ImmutableRangeSet$ComplementRanges                    : loaded 2 times (x 207B)
Class org.objectweb.asm.SymbolTable                                                   : loaded 2 times (x 72B)
Class com.google.common.cache.CacheLoader$InvalidCacheLoadException                   : loaded 2 times (x 82B)
Class com.google.common.collect.ImmutableSet$RegularSetBuilderImpl                    : loaded 2 times (x 77B)
Class org.gradle.internal.classloader.SystemClassLoaderSpec                           : loaded 2 times (x 71B)
Class kotlin.jvm.functions.Function11                                                 : loaded 2 times (x 70B)
Class kotlin.jvm.internal.PropertyReference0Impl                                      : loaded 2 times (x 127B)
Class kotlin.reflect.KAnnotatedElement                                                : loaded 2 times (x 70B)
Class kotlinx.coroutines.internal.LockFreeLinkedListNode                              : loaded 2 times (x 75B)
Class kotlin.jvm.internal.markers.KMutableCollection                                  : loaded 2 times (x 70B)
Class kotlin.coroutines.intrinsics.IntrinsicsKt                                       : loaded 2 times (x 71B)
Class kotlin.coroutines.CoroutineContext$DefaultImpls                                 : loaded 2 times (x 71B)
Class kotlin.ranges.IntRange$Companion                                                : loaded 2 times (x 71B)
Class kotlin.collections.EmptyMap                                                     : loaded 2 times (x 108B)
Class kotlin.jvm.internal.Intrinsics                                                  : loaded 2 times (x 71B)
Class com.google.common.cache.LocalCache$StrongEntry                                  : loaded 2 times (x 108B)
Class com.google.common.util.concurrent.AbstractFuture$TrustedFuture                  : loaded 2 times (x 114B)
Class com.google.common.cache.LoadingCache                                            : loaded 2 times (x 70B)
Class kotlin.sequences.TakeWhileSequence                                              : loaded 2 times (x 75B)
Class kotlin.jvm.functions.Function12                                                 : loaded 2 times (x 70B)
Class kotlin.coroutines.intrinsics.CoroutineSingletons                                : loaded 2 times (x 79B)
Class kotlin.collections.MapsKt                                                       : loaded 2 times (x 71B)
Class kotlin.collections.CollectionsKt__IterablesKt                                   : loaded 2 times (x 71B)
Class org.objectweb.asm.MethodWriter                                                  : loaded 2 times (x 106B)
Class [Lcom.google.common.cache.Weigher;                                              : loaded 2 times (x 69B)
Class com.google.common.collect.RegularImmutableMap$BucketOverflowException           : loaded 2 times (x 82B)
Class kotlin.text.Charsets                                                            : loaded 2 times (x 71B)
Class kotlin.jvm.functions.Function13                                                 : loaded 2 times (x 70B)
Class kotlin.sequences.SequenceBuilderIterator                                        : loaded 2 times (x 85B)
Class kotlinx.coroutines.internal.LockFreeTaskQueueCore$Companion                     : loaded 2 times (x 71B)
Class kotlin.ranges.OpenEndRange                                                      : loaded 2 times (x 70B)
Class kotlin.KotlinNullPointerException                                               : loaded 2 times (x 83B)
Class org.jetbrains.kotlin.cli.common.CompilerSystemProperties$Companion              : loaded 2 times (x 71B)
Class com.google.common.collect.AbstractMapBasedMultimap$RandomAccessWrappedList      : loaded 2 times (x 205B)
Class Build_gradle$1$1$1                                                              : loaded 2 times (x 75B)
Class kotlin.jvm.functions.Function14                                                 : loaded 2 times (x 70B)
Class kotlin.ranges.RangesKt___RangesKt                                               : loaded 2 times (x 71B)
Class com.google.common.collect.RegularImmutableBiMap                                 : loaded 2 times (x 149B)
Class com.google.common.base.CharMatcher$Is                                           : loaded 2 times (x 111B)
Class com.google.common.base.CharMatcher$Negated                                      : loaded 2 times (x 113B)
Class com.google.common.cache.LocalCache$ValueReference                               : loaded 2 times (x 70B)
Class kotlin.coroutines.jvm.internal.Boxing                                           : loaded 2 times (x 71B)
Class kotlin.collections.ArrayDeque$Companion                                         : loaded 2 times (x 71B)
Class kotlin.jvm.functions.Function15                                                 : loaded 2 times (x 70B)
Class kotlin.text.CharsKt__CharKt                                                     : loaded 2 times (x 71B)
Class kotlin.collections.ArraysKt                                                     : loaded 2 times (x 71B)
Class com.google.common.hash.PrimitiveSink                                            : loaded 2 times (x 70B)
Class org.jetbrains.kotlin.cli.common.arguments.CommonToolArguments                   : loaded 2 times (x 73B)
Class com.google.common.base.PatternCompiler                                          : loaded 2 times (x 70B)
Class com.google.common.util.concurrent.AbstractFuture$Failure                        : loaded 2 times (x 72B)
Class com.google.common.base.Equivalence$Equals                                       : loaded 2 times (x 82B)
Class com.google.common.collect.Hashing                                               : loaded 2 times (x 71B)
Class com.google.common.base.Preconditions                                            : loaded 2 times (x 71B)
Class kotlin.jvm.functions.Function16                                                 : loaded 2 times (x 70B)
Class kotlin.coroutines.EmptyCoroutineContext                                         : loaded 2 times (x 77B)
Class kotlin.collections.SetsKt__SetsKt                                               : loaded 2 times (x 71B)
Class kotlin.LazyKt                                                                   : loaded 2 times (x 71B)
Class com.google.common.io.CharSink                                                   : loaded 2 times (x 79B)
Class com.google.common.base.Joiner$1                                                 : loaded 2 times (x 80B)
Class org.objectweb.asm.Label                                                         : loaded 2 times (x 73B)
Class org.objectweb.asm.CurrentFrame                                                  : loaded 2 times (x 73B)
Class com.google.common.base.CharMatcher                                              : loaded 2 times (x 111B)
Class org.objectweb.asm.ClassTooLargeException                                        : loaded 2 times (x 83B)
Class com.google.gson.stream.JsonReader                                               : loaded 2 times (x 97B)
Class com.google.common.collect.PeekingIterator                                       : loaded 2 times (x 70B)
Class kotlin.InitializedLazyImpl                                                      : loaded 2 times (x 76B)
Class kotlin.jvm.functions.Function17                                                 : loaded 2 times (x 70B)
Class kotlin.collections.ArraysKt__ArraysJVMKt                                        : loaded 2 times (x 71B)
Class com.google.common.collect.MapMakerInternalMap$InternalEntryHelper               : loaded 2 times (x 70B)
Class com.google.common.collect.Table                                                 : loaded 2 times (x 70B)
Class com.google.common.collect.Maps$IteratorBasedAbstractMap                         : loaded 2 times (x 125B)
Class com.google.common.base.Joiner$2                                                 : loaded 2 times (x 79B)
Class com.google.common.collect.RangeGwtSerializationDependencies                     : loaded 2 times (x 71B)
Class org.objectweb.asm.Frame                                                         : loaded 2 times (x 73B)
Class com.google.common.base.CharMatcher$1                                            : loaded 2 times (x 113B)
Class com.google.common.base.CharMatcher$NamedFastMatcher                             : loaded 2 times (x 112B)
Class org.objectweb.asm.MethodVisitor                                                 : loaded 2 times (x 105B)
Class com.google.common.cache.LocalCache$EntryFactory$1                               : loaded 2 times (x 83B)
Class [Lcom.google.common.cache.RemovalListener;                                      : loaded 2 times (x 69B)
Class kotlin.jvm.functions.Function18                                                 : loaded 2 times (x 70B)
Class kotlin.jvm.internal.CallableReference$NoReceiver                                : loaded 2 times (x 71B)
Class kotlin.text.StringsKt__StringBuilderKt                                          : loaded 2 times (x 71B)
Class com.google.common.collect.RangeSet                                              : loaded 2 times (x 70B)
Class com.google.common.cache.LocalCache$EntryFactory$2                               : loaded 2 times (x 83B)
Class org.gradle.api.internal.classpath.GlobalCacheRootsProvider                      : loaded 2 times (x 70B)
Class kotlin.reflect.KMutableProperty$Setter                                          : loaded 2 times (x 70B)
Class kotlin.jvm.functions.Function19                                                 : loaded 2 times (x 70B)
Class kotlin.Lazy                                                                     : loaded 2 times (x 70B)
Class kotlin.NoWhenBranchMatchedException                                             : loaded 2 times (x 82B)
Class com.google.common.collect.CollectCollectors                                     : loaded 2 times (x 71B)
Class org.objectweb.asm.ModuleWriter                                                  : loaded 2 times (x 82B)
Class com.google.common.cache.LocalCache$EntryFactory$3                               : loaded 2 times (x 83B)
Class com.google.common.base.Ticker$1                                                 : loaded 2 times (x 72B)
Class com.google.common.collect.Maps$BiMapConverter                                   : loaded 2 times (x 90B)
Class com.google.common.collect.ImmutableMapEntrySet$RegularEntrySet                  : loaded 2 times (x 152B)
Class kotlinx.coroutines.Incomplete                                                   : loaded 2 times (x 70B)
Class com.google.common.collect.SetMultimap                                           : loaded 2 times (x 70B)
Class com.google.common.collect.ImmutableSet$Builder                                  : loaded 2 times (x 85B)
Class com.google.common.base.CharMatcher$InRange                                      : loaded 2 times (x 111B)
Class com.google.common.cache.LocalCache$EntryFactory$4                               : loaded 2 times (x 83B)
Class Settings_gradle$1$1$1                                                           : loaded 2 times (x 74B)
Class kotlin.concurrent.LocksKt                                                       : loaded 2 times (x 71B)
Class kotlinx.coroutines.AbstractTimeSourceKt                                         : loaded 2 times (x 71B)
Class com.google.common.cache.LocalCache$EntryFactory$5                               : loaded 2 times (x 83B)
Class kotlin.jvm.internal.ByteCompanionObject                                         : loaded 2 times (x 71B)
Class kotlin.time.Duration                                                            : loaded 2 times (x 74B)
Class [Lkotlin.reflect.KProperty;                                                     : loaded 2 times (x 69B)
Class kotlin.jvm.internal.markers.KMappedMarker                                       : loaded 2 times (x 70B)
Class com.google.common.collect.HashMultimap                                          : loaded 2 times (x 174B)
Class com.google.common.cache.LocalCache$EntryFactory$6                               : loaded 2 times (x 83B)
Class org.gradle.internal.installation.CurrentGradleInstallationLocator               : loaded 2 times (x 71B)
Class kotlin.coroutines.jvm.internal.SpillingKt                                       : loaded 2 times (x 71B)
Class [Lkotlin.io.FileWalkDirection;                                                  : loaded 2 times (x 69B)
Class kotlinx.coroutines.Empty                                                        : loaded 2 times (x 75B)
Class com.google.common.collect.Maps$KeySet                                           : loaded 2 times (x 137B)
Class com.google.common.collect.ImmutableSet$EmptySetBuilderImpl                      : loaded 2 times (x 76B)
Class com.google.common.cache.LocalCache$EntryFactory$7                               : loaded 2 times (x 83B)
Class com.google.common.collect.ImmutableList                                         : loaded 2 times (x 206B)
Class org.gradle.internal.service.DefaultServiceLocator                               : loaded 2 times (x 83B)
Class jdk.internal.jrtfs.JrtDirectoryStream                                           : loaded 2 times (x 89B)
Class kotlin.reflect.KMutableProperty0                                                : loaded 2 times (x 70B)
Class kotlin.reflect.KClassifier                                                      : loaded 2 times (x 70B)
Class kotlin.io.FileTreeWalk                                                          : loaded 2 times (x 75B)
Class kotlin.coroutines.jvm.internal.SuspendFunction                                  : loaded 2 times (x 70B)
Class com.google.common.collect.Maps$EntrySet                                         : loaded 2 times (x 136B)
Class com.google.common.cache.LocalCache$EntryFactory$8                               : loaded 2 times (x 83B)
Class com.google.common.collect.ImmutableSet$SetBuilderImpl                           : loaded 2 times (x 76B)
Class org.jetbrains.kotlin.util.capitalizeDecapitalize.CapitalizeDecapitalizeKt       : loaded 2 times (x 71B)
Class org.gradle.internal.installation.CurrentGradleInstallation                      : loaded 2 times (x 73B)
Class kotlin.jvm.internal.Ref$BooleanRef                                              : loaded 2 times (x 71B)
Class kotlin.jvm.internal.StringCompanionObject                                       : loaded 2 times (x 71B)
Class kotlin.reflect.KMutableProperty1                                                : loaded 2 times (x 70B)
Class kotlinx.coroutines.scheduling.Task                                              : loaded 2 times (x 76B)
Class kotlin.coroutines.intrinsics.IntrinsicsKt__IntrinsicsJvmKt                      : loaded 2 times (x 71B)
Class kotlinx.coroutines.BlockingCoroutine                                            : loaded 2 times (x 144B)
Class kotlin.coroutines.jvm.internal.CoroutineStackFrame                              : loaded 2 times (x 70B)
Class com.google.common.cache.CacheLoader$1                                           : loaded 2 times (x 75B)
Class com.google.common.collect.ImmutableList$SubList                                 : loaded 2 times (x 209B)
Class org.gradle.util.internal.GUtil                                                  : loaded 2 times (x 71B)
Class kotlin.reflect.KMutableProperty2                                                : loaded 2 times (x 70B)
Class kotlin.io.NoSuchFileException                                                   : loaded 2 times (x 82B)
Class kotlinx.coroutines.internal.LockFreeTaskQueue                                   : loaded 2 times (x 72B)
Class kotlinx.coroutines.scheduling.DefaultScheduler                                  : loaded 2 times (x 108B)
Class kotlinx.coroutines.Dispatchers                                                  : loaded 2 times (x 71B)
Class kotlin.collections.CollectionsKt                                                : loaded 2 times (x 71B)
Class com.google.common.io.ByteSource                                                 : loaded 2 times (x 84B)
Class com.google.common.cache.AbstractCache$StatsCounter                              : loaded 2 times (x 70B)
Class kotlin.time.DurationUnitKt                                                      : loaded 2 times (x 71B)
Class kotlin.ranges.IntProgressionIterator                                            : loaded 2 times (x 82B)
Class kotlin.coroutines.jvm.internal.DebugProbesKt                                    : loaded 2 times (x 71B)
Class kotlinx.coroutines.intrinsics.CancellableKt                                     : loaded 2 times (x 71B)
Class kotlin.coroutines.CoroutineContext                                              : loaded 2 times (x 70B)
Class com.google.common.collect.MapMakerInternalMap$1                                 : loaded 2 times (x 83B)
Class com.google.common.collect.Iterators$MergingIterator                             : loaded 2 times (x 81B)
Class com.google.common.collect.RegularImmutableSet                                   : loaded 2 times (x 149B)
Class org.gradle.internal.installation.GradleInstallation                             : loaded 2 times (x 75B)
Class kotlin.collections.ReversedList                                                 : loaded 2 times (x 207B)
Class com.google.common.base.Splitter$Strategy                                        : loaded 2 times (x 70B)
Class com.google.common.collect.Iterables                                             : loaded 2 times (x 71B)
Class kotlin.collections.ReversedList$listIterator$1                                  : loaded 2 times (x 94B)
Class kotlin.io.FileWalkDirection                                                     : loaded 2 times (x 79B)
Class kotlin.jvm.KotlinReflectionNotSupportedError                                    : loaded 2 times (x 82B)
Class kotlinx.coroutines.JobSupportKt                                                 : loaded 2 times (x 71B)
Class kotlinx.coroutines.ExecutorCoroutineDispatcher$Key                              : loaded 2 times (x 72B)
Class kotlin.ranges.IntProgression                                                    : loaded 2 times (x 81B)

---------------  S Y S T E M  ---------------

OS:
DISTRIB_ID=Ubuntu
DISTRIB_RELEASE=25.10
DISTRIB_CODENAME=questing
DISTRIB_DESCRIPTION="Ubuntu 25.10"
uname: Linux 6.17.0-22-generic #22-Ubuntu SMP PREEMPT_DYNAMIC Fri Mar 13 12:04:44 UTC 2026 x86_64
OS uptime: 0 days 6:23 hours
libc: glibc 2.42 NPTL 2.42 
rlimit (soft/hard): STACK 8192k/infinity , CORE 0k/infinity , NPROC 60616/60616 , NOFILE 524288/524288 , AS infinity/infinity , CPU infinity/infinity , DATA infinity/infinity , FSIZE infinity/infinity , MEMLOCK 8192k/8192k
load average: 1.00 1.30 0.82

/proc/meminfo:
MemTotal:       15729536 kB
MemFree:          438284 kB
MemAvailable:    6881764 kB
Buffers:          598572 kB
Cached:          6552056 kB
SwapCached:          352 kB
Active:          8295540 kB
Inactive:        4963932 kB
Active(anon):    6038156 kB
Inactive(anon):   850700 kB
Active(file):    2257384 kB
Inactive(file):  4113232 kB
Unevictable:      876472 kB
Mlocked:             184 kB
SwapTotal:       4194300 kB
SwapFree:        4193692 kB
Zswap:                 0 kB
Zswapped:              0 kB
Dirty:              4424 kB
Writeback:             0 kB
AnonPages:       6985084 kB
Mapped:          2003376 kB
Shmem:            959144 kB
KReclaimable:     413632 kB
Slab:             780988 kB
SReclaimable:     413632 kB
SUnreclaim:       367356 kB
KernelStack:       23200 kB
PageTables:        63376 kB
SecPageTables:      2944 kB
NFS_Unstable:          0 kB
Bounce:                0 kB
WritebackTmp:          0 kB
CommitLimit:    12059068 kB
Committed_AS:   18713292 kB
VmallocTotal:   34359738367 kB
VmallocUsed:      220512 kB
VmallocChunk:          0 kB
Percpu:            10880 kB
HardwareCorrupted:     0 kB
AnonHugePages:         0 kB
ShmemHugePages:        0 kB
ShmemPmdMapped:        0 kB
FileHugePages:    223232 kB
FilePmdMapped:         0 kB
CmaTotal:              0 kB
CmaFree:               0 kB
Unaccepted:            0 kB
Balloon:               0 kB
HugePages_Total:       0
HugePages_Free:        0
HugePages_Rsvd:        0
HugePages_Surp:        0
Hugepagesize:       2048 kB
Hugetlb:               0 kB
DirectMap4k:      623804 kB
DirectMap2M:     6596608 kB
DirectMap1G:     9437184 kB

/sys/kernel/mm/transparent_hugepage/enabled: always [madvise] never
/sys/kernel/mm/transparent_hugepage/hpage_pmd_size: 2097152
/sys/kernel/mm/transparent_hugepage/defrag (defrag/compaction efforts parameter): always defer defer+madvise [madvise] never

Process Memory:
Virtual Size: 10349640K (peak: 10517980K)
Resident Set Size: 1299580K (peak: 1299580K) (anon: 1259392K, file: 40156K, shmem: 32K)
Swapped out: 0K
C-Heap outstanding allocations: 212662K, retained: 223829K
glibc malloc tunables: (default)

/proc/sys/kernel/threads-max (system-wide limit on the number of threads): 121233
/proc/sys/vm/max_map_count (maximum number of memory map areas a process may have): 1048576
/proc/sys/vm/swappiness (control to define how aggressively the kernel swaps out anonymous memory): 60
/proc/sys/kernel/pid_max (system-wide limit on number of process identifiers): 4194304

container information not found.
Steal ticks since vm start: 0
Steal ticks percentage since vm start:  0.000

CPU: total 8 (initial active 8) (4 cores per cpu, 2 threads per core) family 6 model 142 stepping 10 microcode 0xf6, cx8, cmov, fxsr, ht, mmx, 3dnowpref, sse, sse2, sse3, ssse3, sse4.1, sse4.2, popcnt, lzcnt, tsc, tscinvbit, avx, avx2, aes, erms, clmul, bmi1, bmi2, adx, fma, vzeroupper, clflush, clflushopt, rdtscp, f16c
CPU Model and flags from /proc/cpuinfo:
model name	: Intel(R) Core(TM) i7-8550U CPU @ 1.80GHz
flags		: fpu vme de pse tsc msr pae mce cx8 apic sep mtrr pge mca cmov pat pse36 clflush dts acpi mmx fxsr sse sse2 ss ht tm pbe syscall nx pdpe1gb rdtscp lm constant_tsc art arch_perfmon pebs bts rep_good nopl xtopology nonstop_tsc cpuid aperfmperf pni pclmulqdq dtes64 monitor ds_cpl vmx est tm2 ssse3 sdbg fma cx16 xtpr pdcm pcid sse4_1 sse4_2 x2apic movbe popcnt tsc_deadline_timer aes xsave avx f16c rdrand lahf_lm abm 3dnowprefetch cpuid_fault epb pti ssbd ibrs ibpb stibp tpr_shadow flexpriority ept vpid ept_ad fsgsbase tsc_adjust bmi1 avx2 smep bmi2 erms invpcid mpx rdseed adx smap clflushopt intel_pt xsaveopt xsavec xgetbv1 xsaves dtherm ida arat pln pts hwp hwp_notify hwp_act_window hwp_epp vnmi md_clear flush_l1d arch_capabilities

Online cpus: 0-7
Offline cpus: 
BIOS frequency limitation: <Not Available>
Frequency switch latency (ns): 0
Available cpu frequencies: <Not Available>
Current governor: powersave
Core performance/turbo boost: <Not Available>

Memory: 4k page, physical 15729536k(6881764k free), swap 4194300k(4193692k free)
Page Sizes: 4k

vm_info: OpenJDK 64-Bit Server VM (21.0.10+-14961533-b1163.108) for linux-amd64 JRE (21.0.10+-14961533-b1163.108), built on 2026-03-02T19:55:51Z by "builder" with clang Android (14488419, +pgo, +bolt, +lto, +mlgo, based on r584948) Clang 22.0.0 (https://android.googlesource.com/toolchain/llvm-project 2d65e4108033380e6fe8e08b1f1826cd2bfb0c99)

END.
